{
    "workload": "sleep",
    "backend": "mpi",
    "results": {
        "run0": [
            {
                "node_id": "tcn207.local.snellius.surf.nl:0:0",
                "metrics": {
                    "execution_time": 5.009352272842079,
                    "cpu_energy": {
                        "energy": {
                            "j": 888.751432,
                            "kwh": 0.0002468753977777778
                        },
                        "power": {
                            "w": 177.42974228683798
                        },
                        "per_domain": [
                            {
                                "energy": {
                                    "j": 429.549411,
                                    "kwh": 0.00011931928083333333
                                },
                                "power": {
                                    "w": 85.75495751571745
                                }
                            },
                            {
                                "energy": {
                                    "j": 459.202021,
                                    "kwh": 0.00012755611694444444
                                },
                                "power": {
                                    "w": 91.67478477112053
                                }
                            }
                        ]
                    }
                },
                "metadata": {
                    "hostname": "tcn207.local.snellius.surf.nl",
                    "local_ip": "172.18.56.217",
                    "public_ip": "145.136.56.217"
                }
            },
            {
                "node_id": "tcn207.local.snellius.surf.nl:1:1",
                "metrics": {
                    "execution_time": 5.009352642809972,
                    "cpu_energy": {
                        "energy": {
                            "j": 888.751432,
                            "kwh": 0.0002468753977777778
                        },
                        "power": {
                            "w": 177.4296166802945
                        },
                        "per_domain": [
                            {
                                "energy": {
                                    "j": 429.549411,
                                    "kwh": 0.00011931928083333333
                                },
                                "power": {
                                    "w": 85.75489680783578
                                }
                            },
                            {
                                "energy": {
                                    "j": 459.202021,
                                    "kwh": 0.00012755611694444444
                                },
                                "power": {
                                    "w": 91.67471987245871
                                }
                            }
                        ]
                    }
                },
                "metadata": {
                    "hostname": "tcn207.local.snellius.surf.nl",
                    "local_ip": "172.18.56.217",
                    "public_ip": "145.136.56.217"
                }
            },
            {
                "node_id": "tcn214.local.snellius.surf.nl:3:1",
                "metrics": {
                    "execution_time": 5.009251679992303,
                    "cpu_energy": {
                        "energy": {
                            "j": 884.035491,
                            "kwh": 0.00024556541416666667
                        },
                        "power": {
                            "w": 176.48814649164282
                        },
                        "per_domain": [
                            {
                                "energy": {
                                    "j": 427.347514,
                                    "kwh": 0.00011870764277777778
                                },
                                "power": {
                                    "w": 85.31531982766445
                                }
                            },
                            {
                                "energy": {
                                    "j": 456.687977,
                                    "kwh": 0.00012685777138888888
                                },
                                "power": {
                                    "w": 91.17282666397836
                                }
                            }
                        ]
                    }
                },
                "metadata": {
                    "hostname": "tcn214.local.snellius.surf.nl",
                    "local_ip": "172.18.56.224",
                    "public_ip": "145.136.56.224"
                }
            },
            {
                "node_id": "tcn214.local.snellius.surf.nl:2:0",
                "metrics": {
                    "execution_time": 5.009157383115962,
                    "cpu_energy": {
                        "energy": {
                            "j": 884.035491,
                            "kwh": 0.00024556541416666667
                        },
                        "power": {
                            "w": 176.48195754476114
                        },
                        "per_domain": [
                            {
                                "energy": {
                                    "j": 427.347514,
                                    "kwh": 0.00011870764277777778
                                },
                                "power": {
                                    "w": 85.31232805743454
                                }
                            },
                            {
                                "energy": {
                                    "j": 456.687977,
                                    "kwh": 0.00012685777138888888
                                },
                                "power": {
                                    "w": 91.1696294873266
                                }
                            }
                        ]
                    }
                },
                "metadata": {
                    "hostname": "tcn214.local.snellius.surf.nl",
                    "local_ip": "172.18.56.224",
                    "public_ip": "145.136.56.224"
                }
            }
        ]
    },
    "metadata": {}
}