{
    "workload": "stream",
    "backend": "local",
    "results": {
        "run0": [
            {
                "node_id": "tcn207.local.snellius.surf.nl:0:0",
                "metrics": {
                    "execution_time": 0.6860158510971814,
                    "cpu_energy": {
                        "energy": {
                            "j": 191.120229,
                            "kwh": 5.30889525e-05
                        },
                        "power": {
                            "w": 278.6706495652417
                        },
                        "per_domain": [
                            {
                                "energy": {
                                    "j": 93.702796,
                                    "kwh": 2.6028554444444443e-05
                                },
                                "power": {
                                    "w": 136.62718574599103
                                }
                            },
                            {
                                "energy": {
                                    "j": 97.417433,
                                    "kwh": 2.7060398055555557e-05
                                },
                                "power": {
                                    "w": 142.04346381925075
                                }
                            }
                        ]
                    }
                },
                "metadata": {
                    "hostname": "tcn207.local.snellius.surf.nl",
                    "local_ip": "172.18.56.217",
                    "public_ip": "145.136.56.217"
                }
            },
            {
                "node_id": "local",
                "metrics": {
                    "stream": {
                        "Function": {
                            "Copy:": {
                                "Best_Rate_MB/s": 223741.0,
                                "Avg_time": 0.007671,
                                "Min_time": 0.007151,
                                "Max_time": 0.011573
                            },
                            "Scale:": {
                                "Best_Rate_MB/s": 199077.0,
                                "Avg_time": 0.008153,
                                "Min_time": 0.008037,
                                "Max_time": 0.008353
                            },
                            "Add:": {
                                "Best_Rate_MB/s": 198723.3,
                                "Avg_time": 0.012168,
                                "Min_time": 0.012077,
                                "Max_time": 0.012214
                            },
                            "Triad:": {
                                "Best_Rate_MB/s": 203961.8,
                                "Avg_time": 0.011906,
                                "Min_time": 0.011767,
                                "Max_time": 0.011968
                            }
                        }
                    }
                },
                "metadata": {}
            }
        ]
    },
    "metadata": {}
}