{
    "workload": "stream",
    "backend": "local",
    "results": {
        "run0": [
            {
                "node_id": "tcn318.local.snellius.surf.nl:0:0",
                "metrics": {
                    "execution_time": 1.3348500151187181,
                    "perf_energy": {
                        "joules": 969.23,
                        "kwh": 0.0002692305555555556,
                        "time": 5.552072992
                    }
                },
                "metadata": {
                    "hostname": "tcn318.local.snellius.surf.nl",
                    "local_ip": "172.18.57.72",
                    "public_ip": "145.136.57.72"
                }
            },
            {
                "node_id": "local",
                "metrics": {
                    "stream": {
                        "Function": {
                            "Copy:": {
                                "Best_Rate_MB/s": 135237.4,
                                "Avg_time": 0.017239,
                                "Min_time": 0.011831,
                                "Max_time": 0.02342
                            },
                            "Scale:": {
                                "Best_Rate_MB/s": 136159.4,
                                "Avg_time": 0.018209,
                                "Min_time": 0.011751,
                                "Max_time": 0.024909
                            },
                            "Add:": {
                                "Best_Rate_MB/s": 120954.6,
                                "Avg_time": 0.026464,
                                "Min_time": 0.019842,
                                "Max_time": 0.032877
                            },
                            "Triad:": {
                                "Best_Rate_MB/s": 119153.5,
                                "Avg_time": 0.023693,
                                "Min_time": 0.020142,
                                "Max_time": 0.030597
                            }
                        }
                    }
                },
                "metadata": {}
            }
        ],
        "run1": [
            {
                "node_id": "tcn318.local.snellius.surf.nl:0:0",
                "metrics": {
                    "execution_time": 1.3580314950086176,
                    "perf_energy": {
                        "joules": 944.89,
                        "kwh": 0.00026246944444444445,
                        "time": 5.379017356
                    }
                },
                "metadata": {
                    "hostname": "tcn318.local.snellius.surf.nl",
                    "local_ip": "172.18.57.72",
                    "public_ip": "145.136.57.72"
                }
            },
            {
                "node_id": "local",
                "metrics": {
                    "stream": {
                        "Function": {
                            "Copy:": {
                                "Best_Rate_MB/s": 133300.6,
                                "Avg_time": 0.016567,
                                "Min_time": 0.012003,
                                "Max_time": 0.026485
                            },
                            "Scale:": {
                                "Best_Rate_MB/s": 121580.6,
                                "Avg_time": 0.019078,
                                "Min_time": 0.01316,
                                "Max_time": 0.028997
                            },
                            "Add:": {
                                "Best_Rate_MB/s": 103586.5,
                                "Avg_time": 0.027069,
                                "Min_time": 0.023169,
                                "Max_time": 0.032793
                            },
                            "Triad:": {
                                "Best_Rate_MB/s": 104465.9,
                                "Avg_time": 0.026165,
                                "Min_time": 0.022974,
                                "Max_time": 0.033132
                            }
                        }
                    }
                },
                "metadata": {}
            }
        ],
        "run2": [
            {
                "node_id": "tcn318.local.snellius.surf.nl:0:0",
                "metrics": {
                    "execution_time": 1.5113620050251484,
                    "perf_energy": {
                        "joules": 964.95,
                        "kwh": 0.0002680416666666667,
                        "time": 5.460292231
                    }
                },
                "metadata": {
                    "hostname": "tcn318.local.snellius.surf.nl",
                    "local_ip": "172.18.57.72",
                    "public_ip": "145.136.57.72"
                }
            },
            {
                "node_id": "local",
                "metrics": {
                    "stream": {
                        "Function": {
                            "Copy:": {
                                "Best_Rate_MB/s": 119084.5,
                                "Avg_time": 0.0215,
                                "Min_time": 0.013436,
                                "Max_time": 0.028702
                            },
                            "Scale:": {
                                "Best_Rate_MB/s": 98339.5,
                                "Avg_time": 0.024266,
                                "Min_time": 0.01627,
                                "Max_time": 0.028957
                            },
                            "Add:": {
                                "Best_Rate_MB/s": 92578.4,
                                "Avg_time": 0.031253,
                                "Min_time": 0.025924,
                                "Max_time": 0.035505
                            },
                            "Triad:": {
                                "Best_Rate_MB/s": 93937.4,
                                "Avg_time": 0.030262,
                                "Min_time": 0.025549,
                                "Max_time": 0.034057
                            }
                        }
                    }
                },
                "metadata": {}
            }
        ],
        "run3": [
            {
                "node_id": "tcn318.local.snellius.surf.nl:0:0",
                "metrics": {
                    "execution_time": 1.2949203059542924,
                    "perf_energy": {
                        "joules": 925.41,
                        "kwh": 0.0002570583333333333,
                        "time": 5.264558497
                    }
                },
                "metadata": {
                    "hostname": "tcn318.local.snellius.surf.nl",
                    "local_ip": "172.18.57.72",
                    "public_ip": "145.136.57.72"
                }
            },
            {
                "node_id": "local",
                "metrics": {
                    "stream": {
                        "Function": {
                            "Copy:": {
                                "Best_Rate_MB/s": 134139.9,
                                "Avg_time": 0.016477,
                                "Min_time": 0.011928,
                                "Max_time": 0.026039
                            },
                            "Scale:": {
                                "Best_Rate_MB/s": 119985.1,
                                "Avg_time": 0.016576,
                                "Min_time": 0.013335,
                                "Max_time": 0.024756
                            },
                            "Add:": {
                                "Best_Rate_MB/s": 107570.4,
                                "Avg_time": 0.026482,
                                "Min_time": 0.022311,
                                "Max_time": 0.034996
                            },
                            "Triad:": {
                                "Best_Rate_MB/s": 109095.3,