{
    "workload": "nvidia-hpl",
    "backend": "mpi",
    "results": {
        "run0": [
            {
                "node_id": "gcn35.local.snellius.surf.nl:0:0",
                "metrics": {
                    "execution_time": 26.00017896411009,
                    "cpu_energy": {
                        "energy": {
                            "j": 6545.592496,
                            "kwh": 0.0018182201377777779
                        },
                        "power": {
                            "w": 251.75354284164197
                        },
                        "per_domain": [
                            {
                                "energy": {
                                    "j": 3335.258186,
                                    "kwh": 0.0009264606072222222
                                },
                                "power": {
                                    "w": 128.27915351134442
                                }
                            },
                            {
                                "energy": {
                                    "j": 3210.33431,
                                    "kwh": 0.0008917595305555555
                                },
                                "power": {
                                    "w": 123.47438933029756
                                }
                            }
                        ]
                    },
                    "gpu_nv": [
                        {
                            "gpu_id": 0,
                            "energy": {
                                "j": 7315.963239185232,
                                "kwh": 0.002032212010884787
                            },
                            "power": {
                                "avg_w": 282.7204617463566
                            },
                            "util": {
                                "avg": 80.34615384615384,
                                "max": 100
                            },
                            "temp": {
                                "avg": 53.74230769230769,
                                "max": 67
                            },
                            "clock": {
                                "avg": 1332.0,
                                "max": 1410
                            }
                        },
                        {
                            "gpu_id": 1,
                            "energy": {
                                "j": 1275.33003671004,
                                "kwh": 0.0003542583435305667
                            },
                            "power": {
                                "avg_w": 49.28860028424095
                            },
                            "util": {
                                "avg": 0.0,
                                "max": 0
                            },
                            "temp": {
                                "avg": 30.0,
                                "max": 30
                            },
                            "clock": {
                                "avg": 210.0,
                                "max": 210
                            }
                        },
                        {
                            "gpu_id": 2,
                            "energy": {
                                "j": 1392.1009093887037,
                                "kwh": 0.0003866946970524177
                            },
                            "power": {
                                "avg_w": 53.80497107309811
                            },
                            "util": {
                                "avg": 0.0,
                                "max": 0
                            },
                            "temp": {
                                "avg": 31.0,
                                "max": 31
                            },
                            "clock": {
                                "avg": 210.0,
                                "max": 210
                            }
                        },
                        {
                            "gpu_id": 3,
                            "energy": {
                                "j": 1254.3837997401583,
                                "kwh": 0.0003484399443722662
                            },
                            "power": {
                                "avg_w": 48.485226818875596
                            },
                            "util": {
                                "avg": 0.0,
                                "max": 0
                            },
                            "temp": {
                                "avg": 30.0,
                                "max": 30
                            },
                            "clock": {
                                "avg": 210.0,
                                "max": 210
                            }
                        }
                    ],
                    "perf_energy": {
                        "joules": 7251.35,
                        "kwh": 0.002014263888888889,
                        "time": 28.797836222
                    }
                },
                "metadata": {
                    "hostname": "gcn35.local.snellius.surf.nl",
                    "local_ip": "172.18.62.35",
                    "public_ip": "145.136.62.35"
                }
            },
            {
                "node_id": "local",
                "metrics": {
                    "nvidia_hpl": {
                        "T/V": "WC0",
                        "N": 49152,
                        "NB": 1024,
                        "P": 1,
                        "Q": 1,
                        "Time": 5.05,
                        "Gflops": 15690.0,
                        "per_GPU": 15690.0
                    }
                },
                "metadata": {}
            }
        ],
        "run1": [
            {
                "node_id": "gcn35.local.snellius.surf.nl:0:0",
                "metrics": {
                    "execution_time": 26.400171441026032,
                    "cpu_energy": {
                        "energy": {
                            "j": 6649.751104,
                            "kwh": 0.0018471530844444445
                        },
                        "power": {
                            "w": 251.88454462240014
                        },
                        "per_domain": [
                            {
                                "energy": {
                                    "j": 3385.935973,
                                    "kwh": 0.0009405377702777777
                                },
                                "power": {
                                    "w": 128.2551673500513
                                }
                            },
                            {
                                "energy": {
                                    "j": 3263.815131,
                                    "kwh": 0.0009066153141666667
                                },
                                "power": {
                                    "w": 123.62937727234883
                                }
                            }
                        ]
                    },
                    "gpu_nv": [
                        {
                            "gpu_id": 0,
                            "energy": {
                                "j": 7343.322417994395,
                                "kwh": 0.002039811782776221
                            },
                            "power": {
                                "avg_w": 279.5754376407021
                            },
                            "util": {
                                "avg": 78.81818181818181,
                                "max": 100
                            },