{
    "workload": "nvidia-hpl",
    "backend": "mpi",
    "results": {
        "run0": [
            {
                "node_id": "gcn37.local.snellius.surf.nl:0:0",
                "metrics": {
                    "execution_time": 26.60022928705439,
                    "cpu_energy": {
                        "energy": {
                            "j": 5316.660767,
                            "kwh": 0.0014768502130555557
                        },
                        "power": {
                            "w": 199.87390759205027
                        },
                        "per_domain": [
                            {
                                "energy": {
                                    "j": 2599.885251,
                                    "kwh": 0.0007221903475
                                },
                                "power": {
                                    "w": 97.739774490357
                                }
                            },
                            {
                                "energy": {
                                    "j": 2716.775516,
                                    "kwh": 0.0007546598655555556
                                },
                                "power": {
                                    "w": 102.13413310169328
                                }
                            }
                        ]
                    },
                    "gpu_nv": [
                        {
                            "gpu_id": 0,
                            "energy": {
                                "j": 7402.803022627714,
                                "kwh": 0.002056334172952143
                            },
                            "power": {
                                "avg_w": 280.10795514127824
                            },
                            "util": {
                                "avg": 79.04511278195488,
                                "max": 100
                            },
                            "temp": {
                                "avg": 49.4812030075188,
                                "max": 61
                            },
                            "clock": {
                                "avg": 1324.5676691729323,
                                "max": 1410
                            }
                        },
                        {
                            "gpu_id": 1,
                            "energy": {
                                "j": 1301.3832879079075,
                                "kwh": 0.00036149535775219655
                            },
                            "power": {
                                "avg_w": 49.24633986833361
                            },
                            "util": {
                                "avg": 0.0,
                                "max": 0
                            },
                            "temp": {
                                "avg": 30.0,
                                "max": 30
                            },
                            "clock": {
                                "avg": 210.0,
                                "max": 210
                            }
                        },
                        {
                            "gpu_id": 2,
                            "energy": {
                                "j": 1270.5678244669623,
                                "kwh": 0.00035293550679637843
                            },
                            "power": {
                                "avg_w": 48.08325865929417
                            },
                            "util": {
                                "avg": 0.0,
                                "max": 0
                            },
                            "temp": {
                                "avg": 30.0,
                                "max": 30
                            },
                            "clock": {
                                "avg": 210.0,
                                "max": 210
                            }
                        },
                        {
                            "gpu_id": 3,
                            "energy": {
                                "j": 1359.1743429263674,
                                "kwh": 0.0003775484285906576
                            },
                            "power": {
                                "avg_w": 51.446422874177145
                            },
                            "util": {
                                "avg": 0.0,
                                "max": 0
                            },
                            "temp": {
                                "avg": 30.0,
                                "max": 30
                            },
                            "clock": {
                                "avg": 210.0,
                                "max": 210
                            }
                        }
                    ],
                    "perf_energy": {
                        "joules": 5905.24,
                        "kwh": 0.0016403444444444443,
                        "time": 29.550893869
                    }
                },
                "metadata": {
                    "hostname": "gcn37.local.snellius.surf.nl",
                    "local_ip": "172.18.62.37",
                    "public_ip": "145.136.62.37"
                }
            },
            {
                "node_id": "local",
                "metrics": {
                    "nvidia_hpl": {
                        "T/V": "WC0",
                        "N": 49152,
                        "NB": 1024,
                        "P": 1,
                        "Q": 1,
                        "Time": 5.07,
                        "Gflops": 15600.0,
                        "per_GPU": 15600.0
                    }
                },
                "metadata": {}
            }
        ],
        "run1": [
            {
                "node_id": "gcn37.local.snellius.surf.nl:0:0",
                "metrics": {
                    "execution_time": 26.60022411495447,
                    "cpu_energy": {
                        "energy": {
                            "j": 5304.284639,
                            "kwh": 0.0014734123997222222
                        },
                        "power": {
                            "w": 199.40880231385626
                        },
                        "per_domain": [
                            {
                                "energy": {
                                    "j": 2598.979919,
                                    "kwh": 0.0007219388663888889
                                },
                                "power": {
                                    "w": 97.7058186272709
                                }
                            },
                            {
                                "energy": {
                                    "j": 2705.30472,
                                    "kwh": 0.0007514735333333333
                                },
                                "power": {
                                    "w": 101.70298368658534
                                }
                            }
                        ]
                    },
                    "gpu_nv": [
                        {
                            "gpu_id": 0,
                            "energy": {
                                "j": 7419.409301523119,
                                "kwh": 0.0020609470282008666
                            },
                            "power": {
                                "avg_w": 280.36423701027843
                            },
                            "util": {
                                "avg": 78.84962406015038,
                                "max": 100
                            },