{
    "workload": "vllm",
    "backend": "local",
    "results": {
        "run0": [
            {
                "node_id": "gcn37.local.snellius.surf.nl:0:0",
                "metrics": {
                    "execution_time": 125.8003237650264,
                    "cpu_energy": {
                        "energy": {
                            "j": 25250.996087,
                            "kwh": 0.007014165579722222
                        },
                        "power": {
                            "w": 200.72291790808384
                        },
                        "per_domain": [
                            {
                                "energy": {
                                    "j": 12551.510287,
                                    "kwh": 0.0034865306352777777
                                },
                                "power": {
                                    "w": 99.77332221983211
                                }
                            },
                            {
                                "energy": {
                                    "j": 12699.4858,
                                    "kwh": 0.0035276349444444445
                                },
                                "power": {
                                    "w": 100.94959568825173
                                }
                            }
                        ]
                    },
                    "gpu_nv": [
                        {
                            "gpu_id": 0,
                            "energy": {
                                "j": 30273.637901647755,
                                "kwh": 0.008409343861568821
                            },
                            "power": {
                                "avg_w": 240.90867786904926
                            },
                            "util": {
                                "avg": 61.20031796502385,
                                "max": 100
                            },
                            "temp": {
                                "avg": 46.52543720190779,
                                "max": 61
                            },
                            "clock": {
                                "avg": 1115.0794912559618,
                                "max": 1410
                            }
                        },
                        {
                            "gpu_id": 1,
                            "energy": {
                                "j": 6152.711088673377,
                                "kwh": 0.0017090864135203825
                            },
                            "power": {
                                "avg_w": 48.96236181588616
                            },
                            "util": {
                                "avg": 0.0,
                                "max": 0
                            },
                            "temp": {
                                "avg": 30.0,
                                "max": 30
                            },
                            "clock": {
                                "avg": 210.0,
                                "max": 210
                            }
                        },
                        {
                            "gpu_id": 2,
                            "energy": {
                                "j": 6036.289231178198,
                                "kwh": 0.0016767470086606106
                            },
                            "power": {
                                "avg_w": 48.03651016409866
                            },
                            "util": {
                                "avg": 0.0,
                                "max": 0
                            },
                            "temp": {
                                "avg": 30.0,
                                "max": 30
                            },
                            "clock": {
                                "avg": 210.0,
                                "max": 210
                            }
                        },
                        {
                            "gpu_id": 3,
                            "energy": {
                                "j": 6461.677658128701,
                                "kwh": 0.001794910460591306
                            },
                            "power": {
                                "avg_w": 51.42239760108631
                            },
                            "util": {
                                "avg": 0.0,
                                "max": 0
                            },
                            "temp": {
                                "avg": 30.0,
                                "max": 30
                            },
                            "clock": {
                                "avg": 210.0,
                                "max": 210
                            }
                        }
                    ],
                    "perf_energy": {
                        "joules": 25842.52,
                        "kwh": 0.007178477777777778,
                        "time": 128.717477985
                    }
                },
                "metadata": {
                    "hostname": "gcn37.local.snellius.surf.nl",
                    "local_ip": "172.18.62.37",
                    "public_ip": "145.136.62.37"
                }
            },
            {
                "node_id": "local",
                "metrics": {
                    "vllm": {
                        "throughput": {
                            "requests/s": 6.76,
                            "total_tokens/s": 7787.18,
                            "output_tokens/s": 865.24
                        },
                        "total_num_prompt_tokens": 512000,
                        "total_num_output_tokens": 64000
                    }
                },
                "metadata": {}
            }
        ],
        "run1": [
            {
                "node_id": "gcn37.local.snellius.surf.nl:0:0",
                "metrics": {
                    "execution_time": 126.80032222298905,
                    "cpu_energy": {
                        "energy": {
                            "j": 25443.130848,
                            "kwh": 0.007067536346666667
                        },
                        "power": {
                            "w": 200.6549665561053
                        },
                        "per_domain": [
                            {
                                "energy": {
                                    "j": 12641.999862,
                                    "kwh": 0.0035116666283333334
                                },
                                "power": {
                                    "w": 99.69999661858823
                                }
                            },
                            {
                                "energy": {
                                    "j": 12801.130986,
                                    "kwh": 0.0035558697183333335
                                },
                                "power": {
                                    "w": 100.95496993751708
                                }
                            }
                        ]
                    },
                    "gpu_nv": [
                        {
                            "gpu_id": 0,
                            "energy": {
                                "j": 30344.43609250859,
                                "kwh": 0.00842901002569683
                            },
                            "power": {
                                "avg_w": 239.57027537246822
                            },
                            "util": {
                                "avg": 60.52365930599369,