{
    "workload": "vllm",
    "backend": "local",
    "results": {
        "run0": [
            {
                "node_id": "gcn31.local.snellius.surf.nl:0:0",
                "metrics": {
                    "execution_time": 177.4001326279249,
                    "cpu_energy": {
                        "energy": {
                            "j": 42457.181654,
                            "kwh": 0.011793661570555556
                        },
                        "power": {
                            "w": 239.33027981424323
                        },
                        "per_domain": [
                            {
                                "energy": {
                                    "j": 20756.644251,
                                    "kwh": 0.0057657345141666665
                                },
                                "power": {
                                    "w": 117.00478654189037
                                }
                            },
                            {
                                "energy": {
                                    "j": 21700.537403,
                                    "kwh": 0.006027927056388889
                                },
                                "power": {
                                    "w": 122.32549327235287
                                }
                            }
                        ]
                    },
                    "gpu_nv": [
                        {
                            "gpu_id": 0,
                            "energy": {
                                "j": 46081.0289318696,
                                "kwh": 0.012800285814408223
                            },
                            "power": {
                                "avg_w": 259.9584086440146
                            },
                            "util": {
                                "avg": 71.26211950394588,
                                "max": 100
                            },
                            "temp": {
                                "avg": 49.96110484780158,
                                "max": 64
                            },
                            "clock": {
                                "avg": 1203.91488162345,
                                "max": 1410
                            }
                        },
                        {
                            "gpu_id": 1,
                            "energy": {
                                "j": 8479.547158742425,
                                "kwh": 0.0023554297663173403
                            },
                            "power": {
                                "avg_w": 47.836447746666806
                            },
                            "util": {
                                "avg": 0.0,
                                "max": 0
                            },
                            "temp": {
                                "avg": 30.0,
                                "max": 30
                            },
                            "clock": {
                                "avg": 210.0,
                                "max": 210
                            }
                        },
                        {
                            "gpu_id": 2,
                            "energy": {
                                "j": 8365.761200006493,
                                "kwh": 0.002323822555557359
                            },
                            "power": {
                                "avg_w": 47.19498032379226
                            },
                            "util": {
                                "avg": 0.0,
                                "max": 0
                            },
                            "temp": {
                                "avg": 30.0,
                                "max": 30
                            },
                            "clock": {
                                "avg": 210.0,
                                "max": 210
                            }
                        },
                        {
                            "gpu_id": 3,
                            "energy": {
                                "j": 8984.018898785796,
                                "kwh": 0.0024955608052182766
                            },
                            "power": {
                                "avg_w": 50.68330777477187
                            },
                            "util": {
                                "avg": 0.0,
                                "max": 0
                            },
                            "temp": {
                                "avg": 30.0,
                                "max": 30
                            },
                            "clock": {
                                "avg": 210.0,
                                "max": 210
                            }
                        }
                    ],
                    "perf_energy": {
                        "joules": 43136.21,
                        "kwh": 0.011982280555555556,
                        "time": 180.18398439
                    }
                },
                "metadata": {
                    "hostname": "gcn31.local.snellius.surf.nl",
                    "local_ip": "172.18.62.31",
                    "public_ip": "145.136.62.31"
                }
            },
            {
                "node_id": "local",
                "metrics": {
                    "vllm": {
                        "throughput": {
                            "requests/s": 4.13,
                            "total_tokens/s": 4762.64,
                            "output_tokens/s": 529.18
                        },
                        "total_num_prompt_tokens": 512000,
                        "total_num_output_tokens": 64000
                    }
                },
                "metadata": {}
            }
        ],
        "run1": [
            {
                "node_id": "gcn31.local.snellius.surf.nl:0:0",
                "metrics": {
                    "execution_time": 178.3001362939831,
                    "cpu_energy": {
                        "energy": {
                            "j": 42626.764288,
                            "kwh": 0.011840767857777778
                        },
                        "power": {
                            "w": 239.07330210792392
                        },
                        "per_domain": [
                            {
                                "energy": {
                                    "j": 20376.576498,
                                    "kwh": 0.0056601601383333335
                                },
                                "power": {
                                    "w": 114.28255253244654
                                }
                            },
                            {
                                "energy": {
                                    "j": 22250.18779,
                                    "kwh": 0.006180607719444444
                                },
                                "power": {
                                    "w": 124.79074957547739
                                }
                            }
                        ]
                    },
                    "gpu_nv": [
                        {
                            "gpu_id": 0,
                            "energy": {
                                "j": 46128.47425031754,
                                "kwh": 0.012813465069532648
                            },
                            "power": {
                                "avg_w": 258.9151220412194
                            },
                            "util": {
                                "avg": 70.74873808188447,