{
    "workload": "vllm",
    "backend": "local",
    "results": {
        "run0": [
            {
                "node_id": "gcn41.local.snellius.surf.nl:0:0",
                "metrics": {
                    "execution_time": 97.40013669314794,
                    "cpu_energy": {
                        "energy": {
                            "j": 23906.543962,
                            "kwh": 0.006640706656111111
                        },
                        "power": {
                            "w": 245.44716392825083
                        },
                        "per_domain": [
                            {
                                "energy": {
                                    "j": 11929.859657,
                                    "kwh": 0.0033138499047222223
                                },
                                "power": {
                                    "w": 122.4832089291981
                                }
                            },
                            {
                                "energy": {
                                    "j": 11976.684305,
                                    "kwh": 0.003326856751388889
                                },
                                "power": {
                                    "w": 122.96395499905275
                                }
                            }
                        ]
                    },
                    "gpu_nv": [
                        {
                            "gpu_id": 0,
                            "energy": {
                                "j": 18849.043362292156,
                                "kwh": 0.0052358453784144875
                            },
                            "power": {
                                "avg_w": 193.79350974781775
                            },
                            "util": {
                                "avg": 47.53593429158111,
                                "max": 100
                            },
                            "temp": {
                                "avg": 41.96098562628337,
                                "max": 60
                            },
                            "clock": {
                                "avg": 1021.7556468172485,
                                "max": 1410
                            }
                        },
                        {
                            "gpu_id": 1,
                            "energy": {
                                "j": 18753.145516516186,
                                "kwh": 0.005209207087921163
                            },
                            "power": {
                                "avg_w": 192.81121096767728
                            },
                            "util": {
                                "avg": 47.45277207392197,
                                "max": 100
                            },
                            "temp": {
                                "avg": 43.72689938398357,
                                "max": 62
                            },
                            "clock": {
                                "avg": 1045.3182751540041,
                                "max": 1410
                            }
                        },
                        {
                            "gpu_id": 2,
                            "energy": {
                                "j": 4690.421616361533,
                                "kwh": 0.0013028948934337592
                            },
                            "power": {
                                "avg_w": 48.22558794509293
                            },
                            "util": {
                                "avg": 0.0,
                                "max": 0
                            },
                            "temp": {
                                "avg": 30.0,
                                "max": 30
                            },
                            "clock": {
                                "avg": 210.0,
                                "max": 210
                            }
                        },
                        {
                            "gpu_id": 3,
                            "energy": {
                                "j": 4693.219490237919,
                                "kwh": 0.0013036720806216442
                            },
                            "power": {
                                "avg_w": 48.25515939767614
                            },
                            "util": {
                                "avg": 0.0,
                                "max": 0
                            },
                            "temp": {
                                "avg": 29.56570841889117,
                                "max": 30
                            },
                            "clock": {
                                "avg": 210.0,
                                "max": 210
                            }
                        }
                    ],
                    "perf_energy": {
                        "joules": 24599.14,
                        "kwh": 0.006833094444444444,
                        "time": 100.233815207
                    }
                },
                "metadata": {
                    "hostname": "gcn41.local.snellius.surf.nl",
                    "local_ip": "172.18.62.41",
                    "public_ip": "145.136.62.41"
                }
            },
            {
                "node_id": "local",
                "metrics": {
                    "vllm": {
                        "throughput": {
                            "requests/s": 11.31,
                            "total_tokens/s": 13031.11,
                            "output_tokens/s": 1447.9
                        },
                        "total_num_prompt_tokens": 512000,
                        "total_num_output_tokens": 64000
                    }
                },
                "metadata": {}
            }
        ],
        "run1": [
            {
                "node_id": "gcn41.local.snellius.surf.nl:0:0",
                "metrics": {
                    "execution_time": 98.0001470032148,
                    "cpu_energy": {
                        "energy": {
                            "j": 24042.495946,
                            "kwh": 0.0066784710961111104
                        },
                        "power": {
                            "w": 245.33168056658585
                        },
                        "per_domain": [
                            {
                                "energy": {
                                    "j": 11983.657798,
                                    "kwh": 0.0033287938327777778
                                },
                                "power": {
                                    "w": 122.28226692941756
                                }
                            },
                            {
                                "energy": {
                                    "j": 12058.838148,
                                    "kwh": 0.003349677263333333
                                },
                                "power": {
                                    "w": 123.04941363716829
                                }
                            }
                        ]
                    },
                    "gpu_nv": [
                        {
                            "gpu_id": 0,
                            "energy": {
                                "j": 18941.45383141084,
                                "kwh": 0.005261514953169678
                            },
                            "power": {
                                "avg_w": 193.5495931146044
                            },
                            "util": {
                                "avg": 47.28775510204082,