{
    "workload": "vllm",
    "backend": "local",
    "results": {
        "run0": [
            {
                "node_id": "gcn18.local.snellius.surf.nl:0:0",
                "metrics": {
                    "execution_time": 136.60013872105628,
                    "cpu_energy": {
                        "energy": {
                            "j": 34848.516195,
                            "kwh": 0.0096801433875
                        },
                        "power": {
                            "w": 255.113691720361
                        },
                        "per_domain": [
                            {
                                "energy": {
                                    "j": 17086.554708,
                                    "kwh": 0.004746265196666667
                                },
                                "power": {
                                    "w": 125.08463849503063
                                }
                            },
                            {
                                "energy": {
                                    "j": 17761.961487,
                                    "kwh": 0.0049338781908333336
                                },
                                "power": {
                                    "w": 130.02905322533041
                                }
                            }
                        ]
                    },
                    "gpu_nv": [
                        {
                            "gpu_id": 0,
                            "energy": {
                                "j": 28862.40560538667,
                                "kwh": 0.008017334890385187
                            },
                            "power": {
                                "avg_w": 211.50268575407296
                            },
                            "util": {
                                "avg": 55.45314787701318,
                                "max": 100
                            },
                            "temp": {
                                "avg": 46.472913616398245,
                                "max": 65
                            },
                            "clock": {
                                "avg": 1104.1361639824304,
                                "max": 1410
                            }
                        },
                        {
                            "gpu_id": 1,
                            "energy": {
                                "j": 28707.438254342418,
                                "kwh": 0.007974288403984005
                            },
                            "power": {
                                "avg_w": 210.36992327054796
                            },
                            "util": {
                                "avg": 55.51390922401171,
                                "max": 100
                            },
                            "temp": {
                                "avg": 45.01024890190337,
                                "max": 62
                            },
                            "clock": {
                                "avg": 1111.9765739385066,
                                "max": 1410
                            }
                        },
                        {
                            "gpu_id": 2,
                            "energy": {
                                "j": 6383.799567171238,
                                "kwh": 0.001773277657547566
                            },
                            "power": {
                                "avg_w": 46.781466434536966
                            },
                            "util": {
                                "avg": 0.0,
                                "max": 0
                            },
                            "temp": {
                                "avg": 30.0,
                                "max": 30
                            },
                            "clock": {
                                "avg": 210.0,
                                "max": 210
                            }
                        },
                        {
                            "gpu_id": 3,
                            "energy": {
                                "j": 7112.672984898463,
                                "kwh": 0.0019757424958051287
                            },
                            "power": {
                                "avg_w": 52.12338139797004
                            },
                            "util": {
                                "avg": 0.0,
                                "max": 0
                            },
                            "temp": {
                                "avg": 30.0,
                                "max": 30
                            },
                            "clock": {
                                "avg": 210.0,
                                "max": 210
                            }
                        }
                    ],
                    "perf_energy": {
                        "joules": 35546.76,
                        "kwh": 0.0098741,
                        "time": 139.369881788
                    }
                },
                "metadata": {
                    "hostname": "gcn18.local.snellius.surf.nl",
                    "local_ip": "172.18.62.18",
                    "public_ip": "145.136.62.18"
                }
            },
            {
                "node_id": "local",
                "metrics": {
                    "vllm": {
                        "throughput": {
                            "requests/s": 6.94,
                            "total_tokens/s": 7996.23,
                            "output_tokens/s": 888.47
                        },
                        "total_num_prompt_tokens": 512000,
                        "total_num_output_tokens": 64000
                    }
                },
                "metadata": {}
            }
        ],
        "run1": [
            {
                "node_id": "gcn18.local.snellius.surf.nl:0:0",
                "metrics": {
                    "execution_time": 136.30015714094043,
                    "cpu_energy": {
                        "energy": {
                            "j": 34729.806722,
                            "kwh": 0.009647168533888889
                        },
                        "power": {
                            "w": 254.80418000420875
                        },
                        "per_domain": [
                            {
                                "energy": {
                                    "j": 17192.607598,
                                    "kwh": 0.004775724332777778
                                },
                                "power": {
                                    "w": 126.13799772077287
                                }
                            },
                            {
                                "energy": {
                                    "j": 17537.199124,
                                    "kwh": 0.004871444201111111
                                },
                                "power": {
                                    "w": 128.66618228343583
                                }
                            }
                        ]
                    },
                    "gpu_nv": [
                        {
                            "gpu_id": 0,
                            "energy": {
                                "j": 28890.9059571946,
                                "kwh": 0.008025251654776279
                            },
                            "power": {
                                "avg_w": 212.18160660107998
                            },
                            "util": {
                                "avg": 55.47175348495965,