{
    "workload": "vllm",
    "backend": "local",
    "results": {
        "run0": [
            {
                "node_id": "gcn72.local.snellius.surf.nl:0:0",
                "metrics": {
                    "execution_time": 90.90013679605909,
                    "cpu_energy": {
                        "energy": {
                            "j": 23187.412015,
                            "kwh": 0.006440947781944445
                        },
                        "power": {
                            "w": 255.08720170829844
                        },
                        "per_domain": [
                            {
                                "energy": {
                                    "j": 11326.67126,
                                    "kwh": 0.003146297572222222
                                },
                                "power": {
                                    "w": 124.6059230117668
                                }
                            },
                            {
                                "energy": {
                                    "j": 11860.740755,
                                    "kwh": 0.0032946502097222223
                                },
                                "power": {
                                    "w": 130.48127869653163
                                }
                            }
                        ]
                    },
                    "gpu_nv": [
                        {
                            "gpu_id": 0,
                            "energy": {
                                "j": 12476.87144457533,
                                "kwh": 0.0034657976234931474
                            },
                            "power": {
                                "avg_w": 137.46959947012152
                            },
                            "util": {
                                "avg": 31.094609460946096,
                                "max": 100
                            },
                            "temp": {
                                "avg": 35.78327832783278,
                                "max": 54
                            },
                            "clock": {
                                "avg": 974.4554455445544,
                                "max": 1410
                            }
                        },
                        {
                            "gpu_id": 1,
                            "energy": {
                                "j": 12340.179699679871,
                                "kwh": 0.0034278276943555197
                            },
                            "power": {
                                "avg_w": 135.96649991621558
                            },
                            "util": {
                                "avg": 31.1012101210121,
                                "max": 100
                            },
                            "temp": {
                                "avg": 37.324532453245325,
                                "max": 56
                            },
                            "clock": {
                                "avg": 1002.1452145214521,
                                "max": 1410
                            }
                        },
                        {
                            "gpu_id": 2,
                            "energy": {
                                "j": 12666.846333200325,
                                "kwh": 0.003518568425888979
                            },
                            "power": {
                                "avg_w": 139.56831626062302
                            },
                            "util": {
                                "avg": 31.231023102310232,
                                "max": 100
                            },
                            "temp": {
                                "avg": 37.529152915291526,
                                "max": 56
                            },
                            "clock": {
                                "avg": 997.0957095709571,
                                "max": 1410
                            }
                        },
                        {
                            "gpu_id": 3,
                            "energy": {
                                "j": 12736.19372812538,
                                "kwh": 0.0035378315911459386
                            },
                            "power": {
                                "avg_w": 140.34392704006385
                            },
                            "util": {
                                "avg": 30.972497249724974,
                                "max": 100
                            },
                            "temp": {
                                "avg": 38.13751375137514,
                                "max": 60
                            },
                            "clock": {
                                "avg": 993.927392739274,
                                "max": 1410
                            }
                        }
                    ],
                    "perf_energy": {
                        "joules": 23874.61,
                        "kwh": 0.006631836111111111,
                        "time": 93.653657878
                    }
                },
                "metadata": {
                    "hostname": "gcn72.local.snellius.surf.nl",
                    "local_ip": "172.18.62.72",
                    "public_ip": "145.136.62.72"
                }
            },
            {
                "node_id": "local",
                "metrics": {
                    "vllm": {
                        "throughput": {
                            "requests/s": 18.31,
                            "total_tokens/s": 21093.98,
                            "output_tokens/s": 2343.78
                        },
                        "total_num_prompt_tokens": 512000,
                        "total_num_output_tokens": 64000
                    }
                },
                "metadata": {}
            }
        ],
        "run1": [
            {
                "node_id": "gcn72.local.snellius.surf.nl:0:0",
                "metrics": {
                    "execution_time": 81.20013349899091,
                    "cpu_energy": {
                        "energy": {
                            "j": 20740.516608,
                            "kwh": 0.005761254613333334
                        },
                        "power": {
                            "w": 255.4252204005514
                        },
                        "per_domain": [
                            {
                                "energy": {
                                    "j": 10175.994214,
                                    "kwh": 0.0028266650594444445
                                },
                                "power": {
                                    "w": 125.32019399666854
                                }
                            },
                            {
                                "energy": {
                                    "j": 10564.522394,
                                    "kwh": 0.0029345895538888888
                                },
                                "power": {
                                    "w": 130.10502640388285
                                }
                            }
                        ]
                    },
                    "gpu_nv": [
                        {
                            "gpu_id": 0,
                            "energy": {
                                "j": 11852.593550866906,
                                "kwh": 0.0032923870974630293
                            },
                            "power": {
                                "avg_w": 146.21980206839515
                            },