{
    "workload": "vllm",
    "backend": "local",
    "results": {
        "run0": [
            {
                "node_id": "gcn72.local.snellius.surf.nl:0:0",
                "metrics": {
                    "execution_time": 97.70013687387109,
                    "cpu_energy": {
                        "energy": {
                            "j": 24630.747248,
                            "kwh": 0.0068418742355555555
                        },
                        "power": {
                            "w": 252.10600235858553
                        },
                        "per_domain": [
                            {
                                "energy": {
                                    "j": 12057.445146,
                                    "kwh": 0.003349290318333333
                                },
                                "power": {
                                    "w": 123.41299530256101
                                }
                            },
                            {
                                "energy": {
                                    "j": 12573.302102,
                                    "kwh": 0.0034925839172222223
                                },
                                "power": {
                                    "w": 128.69300705602453
                                }
                            }
                        ]
                    },
                    "gpu_nv": [
                        {
                            "gpu_id": 0,
                            "energy": {
                                "j": 18710.927550675446,
                                "kwh": 0.005197479875187623
                            },
                            "power": {
                                "avg_w": 191.78181846193803
                            },
                            "util": {
                                "avg": 47.420675537359266,
                                "max": 100
                            },
                            "temp": {
                                "avg": 40.579324462640734,
                                "max": 57
                            },
                            "clock": {
                                "avg": 1018.6182190378711,
                                "max": 1410
                            }
                        },
                        {
                            "gpu_id": 1,
                            "energy": {
                                "j": 18281.00567272329,
                                "kwh": 0.005078057131312025
                            },
                            "power": {
                                "avg_w": 187.37889870916115
                            },
                            "util": {
                                "avg": 47.36335721596725,
                                "max": 100
                            },
                            "temp": {
                                "avg": 41.82599795291709,
                                "max": 58
                            },
                            "clock": {
                                "avg": 1038.9303991811669,
                                "max": 1410
                            }
                        },
                        {
                            "gpu_id": 2,
                            "energy": {
                                "j": 4933.63253475113,
                                "kwh": 0.001370453481875314
                            },
                            "power": {
                                "avg_w": 50.57023480500911
                            },
                            "util": {
                                "avg": 0.0,
                                "max": 0
                            },
                            "temp": {
                                "avg": 30.0,
                                "max": 30
                            },
                            "clock": {
                                "avg": 210.0,
                                "max": 210
                            }
                        },
                        {
                            "gpu_id": 3,
                            "energy": {
                                "j": 4783.490154217274,
                                "kwh": 0.0013287472650603538
                            },
                            "power": {
                                "avg_w": 49.03210097469503
                            },
                            "util": {
                                "avg": 0.0,
                                "max": 0
                            },
                            "temp": {
                                "avg": 30.0,
                                "max": 30
                            },
                            "clock": {
                                "avg": 210.0,
                                "max": 210
                            }
                        }
                    ],
                    "perf_energy": {
                        "joules": 25327.62,
                        "kwh": 0.0070354499999999995,
                        "time": 100.480027068
                    }
                },
                "metadata": {
                    "hostname": "gcn72.local.snellius.surf.nl",
                    "local_ip": "172.18.62.72",
                    "public_ip": "145.136.62.72"
                }
            },
            {
                "node_id": "local",
                "metrics": {
                    "vllm": {
                        "throughput": {
                            "requests/s": 11.31,
                            "total_tokens/s": 13032.09,
                            "output_tokens/s": 1448.01
                        },
                        "total_num_prompt_tokens": 512000,
                        "total_num_output_tokens": 64000
                    }
                },
                "metadata": {}
            }
        ],
        "run1": [
            {
                "node_id": "gcn72.local.snellius.surf.nl:0:0",
                "metrics": {
                    "execution_time": 97.90014653699473,
                    "cpu_energy": {
                        "energy": {
                            "j": 24759.210236,
                            "kwh": 0.006877558398888889
                        },
                        "power": {
                            "w": 252.90312096702908
                        },
                        "per_domain": [
                            {
                                "energy": {
                                    "j": 11729.717042,
                                    "kwh": 0.003258254733888889
                                },
                                "power": {
                                    "w": 119.81327432119264
                                }
                            },
                            {
                                "energy": {
                                    "j": 13029.493194,
                                    "kwh": 0.003619303665
                                },
                                "power": {
                                    "w": 133.08984664583647
                                }
                            }
                        ]
                    },
                    "gpu_nv": [
                        {
                            "gpu_id": 0,
                            "energy": {
                                "j": 18717.0472011296,
                                "kwh": 0.0051991797780915555
                            },
                            "power": {
                                "avg_w": 191.46293143036635
                            },
                            "util": {
                                "avg": 47.489274770173644,