{
    "workload": "vllm",
    "backend": "local",
    "results": {
        "run0": [
            {
                "node_id": "gcn55.local.snellius.surf.nl:0:0",
                "metrics": {
                    "execution_time": 118.10013941396028,
                    "cpu_energy": {
                        "energy": {
                            "j": 28705.475586,
                            "kwh": 0.007973743218333334
                        },
                        "power": {
                            "w": 243.06082688334095
                        },
                        "per_domain": [
                            {
                                "energy": {
                                    "j": 14087.873908,
                                    "kwh": 0.003913298307777778
                                },
                                "power": {
                                    "w": 119.28770421684814
                                }
                            },
                            {
                                "energy": {
                                    "j": 14617.601678,
                                    "kwh": 0.004060444910555555
                                },
                                "power": {
                                    "w": 123.7731226664928
                                }
                            }
                        ]
                    },
                    "gpu_nv": [
                        {
                            "gpu_id": 0,
                            "energy": {
                                "j": 29631.804479758175,
                                "kwh": 0.008231056799932827
                            },
                            "power": {
                                "avg_w": 251.19152106314866
                            },
                            "util": {
                                "avg": 64.94157493649449,
                                "max": 100
                            },
                            "temp": {
                                "avg": 48.37510584250635,
                                "max": 63
                            },
                            "clock": {
                                "avg": 1151.1896697713803,
                                "max": 1410
                            }
                        },
                        {
                            "gpu_id": 1,
                            "energy": {
                                "j": 5957.063552418608,
                                "kwh": 0.0016547398756718355
                            },
                            "power": {
                                "avg_w": 50.49935787922512
                            },
                            "util": {
                                "avg": 0.0,
                                "max": 0
                            },
                            "temp": {
                                "avg": 29.0,
                                "max": 29
                            },
                            "clock": {
                                "avg": 210.0,
                                "max": 210
                            }
                        },
                        {
                            "gpu_id": 2,
                            "energy": {
                                "j": 6048.0552361385035,
                                "kwh": 0.0016800153433718064
                            },
                            "power": {
                                "avg_w": 51.27144516903098
                            },
                            "util": {
                                "avg": 0.0,
                                "max": 0
                            },
                            "temp": {
                                "avg": 30.0,
                                "max": 30
                            },
                            "clock": {
                                "avg": 210.0,
                                "max": 210
                            }
                        },
                        {
                            "gpu_id": 3,
                            "energy": {
                                "j": 5979.022642025927,
                                "kwh": 0.0016608396227849797
                            },
                            "power": {
                                "avg_w": 50.68760865456747
                            },
                            "util": {
                                "avg": 0.0,
                                "max": 0
                            },
                            "temp": {
                                "avg": 30.0,
                                "max": 30
                            },
                            "clock": {
                                "avg": 210.0,
                                "max": 210
                            }
                        }
                    ],
                    "perf_energy": {
                        "joules": 29388.32,
                        "kwh": 0.008163422222222222,
                        "time": 120.878799391
                    }
                },
                "metadata": {
                    "hostname": "gcn55.local.snellius.surf.nl",
                    "local_ip": "172.18.62.55",
                    "public_ip": "145.136.62.55"
                }
            },
            {
                "node_id": "local",
                "metrics": {
                    "vllm": {
                        "throughput": {
                            "requests/s": 6.78,
                            "total_tokens/s": 7814.95,
                            "output_tokens/s": 868.33
                        },
                        "total_num_prompt_tokens": 512000,
                        "total_num_output_tokens": 64000
                    }
                },
                "metadata": {}
            }
        ],
        "run1": [
            {
                "node_id": "gcn55.local.snellius.surf.nl:0:0",
                "metrics": {
                    "execution_time": 117.70021400484256,
                    "cpu_energy": {
                        "energy": {
                            "j": 28617.735271,
                            "kwh": 0.00794937090861111
                        },
                        "power": {
                            "w": 243.14128187859953
                        },
                        "per_domain": [
                            {
                                "energy": {
                                    "j": 14049.059249,
                                    "kwh": 0.0039025164580555557
                                },
                                "power": {
                                    "w": 119.36326346731529
                                }
                            },
                            {
                                "energy": {
                                    "j": 14568.676022,
                                    "kwh": 0.0040468544505555554
                                },
                                "power": {
                                    "w": 123.77801841128422
                                }
                            }
                        ]
                    },
                    "gpu_nv": [
                        {
                            "gpu_id": 0,
                            "energy": {
                                "j": 29525.836218688382,
                                "kwh": 0.008201621171857885
                            },
                            "power": {
                                "avg_w": 251.14503150177836
                            },
                            "util": {
                                "avg": 65.07561597281223,