{
    "workload": "vllm",
    "backend": "local",
    "results": {
        "run0": [
            {
                "node_id": "gcn56.local.snellius.surf.nl:0:0",
                "metrics": {
                    "execution_time": 81.90014131111093,
                    "cpu_energy": {
                        "energy": {
                            "j": 20585.012854,
                            "kwh": 0.005718059126111111
                        },
                        "power": {
                            "w": 251.34339479571557
                        },
                        "per_domain": [
                            {
                                "energy": {
                                    "j": 10375.015127,
                                    "kwh": 0.002881948646388889
                                },
                                "power": {
                                    "w": 126.67913017942885
                                }
                            },
                            {
                                "energy": {
                                    "j": 10209.997727,
                                    "kwh": 0.002836110479722222
                                },
                                "power": {
                                    "w": 124.66426461628672
                                }
                            }
                        ]
                    },
                    "gpu_nv": [
                        {
                            "gpu_id": 0,
                            "energy": {
                                "j": 12110.53543205748,
                                "kwh": 0.003364037620015967
                            },
                            "power": {
                                "avg_w": 148.11589897973465
                            },
                            "util": {
                                "avg": 34.35409035409035,
                                "max": 100
                            },
                            "temp": {
                                "avg": 38.020757020757024,
                                "max": 59
                            },
                            "clock": {
                                "avg": 927.1428571428571,
                                "max": 1410
                            }
                        },
                        {
                            "gpu_id": 1,
                            "energy": {
                                "j": 12041.27428321418,
                                "kwh": 0.0033447984120039387
                            },
                            "power": {
                                "avg_w": 147.27218146586296
                            },
                            "util": {
                                "avg": 34.33455433455433,
                                "max": 100
                            },
                            "temp": {
                                "avg": 38.05860805860806,
                                "max": 57
                            },
                            "clock": {
                                "avg": 942.6190476190476,
                                "max": 1410
                            }
                        },
                        {
                            "gpu_id": 2,
                            "energy": {
                                "j": 12152.250585422471,
                                "kwh": 0.003375625162617353
                            },
                            "power": {
                                "avg_w": 148.63250178617668
                            },
                            "util": {
                                "avg": 34.498168498168496,
                                "max": 100
                            },
                            "temp": {
                                "avg": 39.8998778998779,
                                "max": 61
                            },
                            "clock": {
                                "avg": 947.2527472527472,
                                "max": 1410
                            }
                        },
                        {
                            "gpu_id": 3,
                            "energy": {
                                "j": 11797.846911564178,
                                "kwh": 0.003277179697656716
                            },
                            "power": {
                                "avg_w": 144.3008041859079
                            },
                            "util": {
                                "avg": 34.76923076923077,
                                "max": 100
                            },
                            "temp": {
                                "avg": 39.11843711843712,
                                "max": 59
                            },
                            "clock": {
                                "avg": 942.2161172161173,
                                "max": 1410
                            }
                        }
                    ],
                    "perf_energy": {
                        "joules": 21262.5,
                        "kwh": 0.00590625,
                        "time": 84.650265807
                    }
                },
                "metadata": {
                    "hostname": "gcn56.local.snellius.surf.nl",
                    "local_ip": "172.18.62.56",
                    "public_ip": "145.136.62.56"
                }
            },
            {
                "node_id": "local",
                "metrics": {
                    "vllm": {
                        "throughput": {
                            "requests/s": 18.8,
                            "total_tokens/s": 21662.96,
                            "output_tokens/s": 2407.0
                        },
                        "total_num_prompt_tokens": 512000,
                        "total_num_output_tokens": 64000
                    }
                },
                "metadata": {}
            }
        ],
        "run1": [
            {
                "node_id": "gcn56.local.snellius.surf.nl:0:0",
                "metrics": {
                    "execution_time": 81.40015806094743,
                    "cpu_energy": {
                        "energy": {
                            "j": 20418.571751,
                            "kwh": 0.0056718254863888885
                        },
                        "power": {
                            "w": 250.84246573310983
                        },
                        "per_domain": [
                            {
                                "energy": {
                                    "j": 10215.479463,
                                    "kwh": 0.0028376331841666667
                                },
                                "power": {
                                    "w": 125.49732118356258
                                }
                            },
                            {
                                "energy": {
                                    "j": 10203.092288,
                                    "kwh": 0.002834192302222222
                                },
                                "power": {
                                    "w": 125.34514454954726
                                }
                            }
                        ]
                    },
                    "gpu_nv": [
                        {
                            "gpu_id": 0,
                            "energy": {
                                "j": 12068.543088782346,
                                "kwh": 0.003352373080217318
                            },
                            "power": {
                                "avg_w": 148.52754266713615
                            },