{
    "workload": "stream",
    "backend": "local",
    "results": {
        "run0": [
            {
                "node_id": "tcn192.local.snellius.surf.nl:0:0",
                "metrics": {
                    "execution_time": 0.9262361789587885,
                    "cpu_energy": {
                        "energy": {
                            "j": 248.787305,
                            "kwh": 6.910758472222222e-05
                        },
                        "power": {
                            "w": 268.65487950151436
                        },
                        "per_domain": [
                            {
                                "energy": {
                                    "j": 123.612275,
                                    "kwh": 3.433674305555555e-05
                                },
                                "power": {
                                    "w": 133.48366326422104
                                }
                            },
                            {
                                "energy": {
                                    "j": 125.17503,
                                    "kwh": 3.477084166666667e-05
                                },
                                "power": {
                                    "w": 135.17121623729332
                                }
                            }
                        ]
                    },
                    "perf_energy": {
                        "joules": 837.62,
                        "kwh": 0.00023267222222222222,
                        "time": 4.210899693
                    }
                },
                "metadata": {
                    "hostname": "tcn192.local.snellius.surf.nl",
                    "local_ip": "172.18.56.202",
                    "public_ip": "145.136.56.202"
                }
            },
            {
                "node_id": "local",
                "metrics": {
                    "stream": {
                        "Function": {
                            "Copy:": {
                                "Best_Rate_MB/s": 150333.5,
                                "Avg_time": 0.010915,
                                "Min_time": 0.010643,
                                "Max_time": 0.01192
                            },
                            "Scale:": {
                                "Best_Rate_MB/s": 132176.9,
                                "Avg_time": 0.012152,
                                "Min_time": 0.012105,
                                "Max_time": 0.012205
                            },
                            "Add:": {
                                "Best_Rate_MB/s": 127557.5,
                                "Avg_time": 0.018909,
                                "Min_time": 0.018815,
                                "Max_time": 0.018991
                            },
                            "Triad:": {
                                "Best_Rate_MB/s": 128397.1,
                                "Avg_time": 0.019057,
                                "Min_time": 0.018692,
                                "Max_time": 0.020557
                            }
                        }
                    }
                },
                "metadata": {}
            }
        ],
        "run1": [
            {
                "node_id": "tcn192.local.snellius.surf.nl:0:0",
                "metrics": {
                    "execution_time": 0.9674032318871468,
                    "cpu_energy": {
                        "energy": {
                            "j": 259.75445,
                            "kwh": 7.21540138888889e-05
                        },
                        "power": {
                            "w": 268.55310066195904
                        },
                        "per_domain": [
                            {
                                "energy": {
                                    "j": 129.891384,
                                    "kwh": 3.608094e-05
                                },
                                "power": {
                                    "w": 134.29118893814203
                                }
                            },
                            {
                                "energy": {
                                    "j": 129.863066,
                                    "kwh": 3.607307388888889e-05
                                },
                                "power": {
                                    "w": 134.26191172381698
                                }
                            }
                        ]
                    },
                    "perf_energy": {
                        "joules": 826.52,
                        "kwh": 0.00022958888888888887,
                        "time": 4.12617582
                    }
                },
                "metadata": {
                    "hostname": "tcn192.local.snellius.surf.nl",
                    "local_ip": "172.18.56.202",
                    "public_ip": "145.136.56.202"
                }
            },
            {
                "node_id": "local",
                "metrics": {
                    "stream": {
                        "Function": {
                            "Copy:": {
                                "Best_Rate_MB/s": 151013.4,
                                "Avg_time": 0.011727,
                                "Min_time": 0.010595,
                                "Max_time": 0.019361
                            },
                            "Scale:": {
                                "Best_Rate_MB/s": 132208.2,
                                "Avg_time": 0.012191,
                                "Min_time": 0.012102,
                                "Max_time": 0.012441
                            },
                            "Add:": {
                                "Best_Rate_MB/s": 127470.3,
                                "Avg_time": 0.019002,
                                "Min_time": 0.018828,
                                "Max_time": 0.019206
                            },
                            "Triad:": {
                                "Best_Rate_MB/s": 131579.1,
                                "Avg_time": 0.019506,
                                "Min_time": 0.01824,
                                "Max_time": 0.027028
                            }
                        }
                    }
                },
                "metadata": {}
            }
        ],
        "run2": [
            {
                "node_id": "tcn192.local.snellius.surf.nl:0:0",
                "metrics": {
                    "execution_time": 1.0678928680717945,
                    "cpu_energy": {
                        "energy": {
                            "j": 284.769056,
                            "kwh": 7.910251555555555e-05
                        },
                        "power": {
                            "w": 266.7153008050829
                        },
                        "per_domain": [
                            {
                                "energy": {
                                    "j": 143.744992,
                                    "kwh": 3.992916444444445e-05
                                },
                                "power": {
                                    "w": 134.6318638655186
                                }
                            },
                            {
                                "energy": {
                                    "j": 141.024064,
                                    "kwh": 3.917335111111111e-05
                                },
                                "power": {
                                    "w": 132.08343693956436
                                }
                            }
                        ]
                    },