{
    "workload": "stream",
    "backend": "local",
    "results": {
        "run0": [
            {
                "node_id": "tcn207.local.snellius.surf.nl:0:0",
                "metrics": {
                    "execution_time": 1.0931248569395393,
                    "cpu_energy": {
                        "energy": {
                            "j": 291.071434,
                            "kwh": 8.085317611111112e-05
                        },
                        "power": {
                            "w": 266.3215253537452
                        },
                        "per_domain": [
                            {
                                "energy": {
                                    "j": 144.766775,
                                    "kwh": 4.021299305555555e-05
                                },
                                "power": {
                                    "w": 132.45720409149607
                                }
                            },
                            {
                                "energy": {
                                    "j": 146.304659,
                                    "kwh": 4.0640183055555554e-05
                                },
                                "power": {
                                    "w": 133.86432126224912
                                }
                            }
                        ]
                    },
                    "perf_energy": {
                        "joules": 864.1,
                        "kwh": 0.00024002777777777778,
                        "time": 4.215640848
                    }
                },
                "metadata": {
                    "hostname": "tcn207.local.snellius.surf.nl",
                    "local_ip": "172.18.56.217",
                    "public_ip": "145.136.56.217"
                }
            },
            {
                "node_id": "local",
                "metrics": {
                    "stream": {
                        "Function": {
                            "Copy:": {
                                "Best_Rate_MB/s": 141867.2,
                                "Avg_time": 0.014909,
                                "Min_time": 0.011278,
                                "Max_time": 0.022191
                            },
                            "Scale:": {
                                "Best_Rate_MB/s": 122240.6,
                                "Avg_time": 0.015935,
                                "Min_time": 0.013089,
                                "Max_time": 0.021263
                            },
                            "Add:": {
                                "Best_Rate_MB/s": 118964.8,
                                "Avg_time": 0.023351,
                                "Min_time": 0.020174,
                                "Max_time": 0.028613
                            },
                            "Triad:": {
                                "Best_Rate_MB/s": 119934.3,
                                "Avg_time": 0.023475,
                                "Min_time": 0.020011,
                                "Max_time": 0.029386
                            }
                        }
                    }
                },
                "metadata": {}
            }
        ],
        "run1": [
            {
                "node_id": "tcn207.local.snellius.surf.nl:0:0",
                "metrics": {
                    "execution_time": 1.1356094600632787,
                    "cpu_energy": {
                        "energy": {
                            "j": 301.95083,
                            "kwh": 8.387523055555556e-05
                        },
                        "power": {
                            "w": 265.9384201085662
                        },
                        "per_domain": [
                            {
                                "energy": {
                                    "j": 151.585361,
                                    "kwh": 4.2107044722222225e-05
                                },
                                "power": {
                                    "w": 133.50641035140282
                                }
                            },
                            {
                                "energy": {
                                    "j": 150.365469,
                                    "kwh": 4.176818583333333e-05
                                },
                                "power": {
                                    "w": 132.43200975716343
                                }
                            }
                        ]
                    },
                    "perf_energy": {
                        "joules": 872.31,
                        "kwh": 0.00024230833333333332,
                        "time": 4.259163782
                    }
                },
                "metadata": {
                    "hostname": "tcn207.local.snellius.surf.nl",
                    "local_ip": "172.18.56.217",
                    "public_ip": "145.136.56.217"
                }
            },
            {
                "node_id": "local",
                "metrics": {
                    "stream": {
                        "Function": {
                            "Copy:": {
                                "Best_Rate_MB/s": 125716.8,
                                "Avg_time": 0.017285,
                                "Min_time": 0.012727,
                                "Max_time": 0.021844
                            },
                            "Scale:": {
                                "Best_Rate_MB/s": 113797.8,
                                "Avg_time": 0.017012,
                                "Min_time": 0.01406,
                                "Max_time": 0.024135
                            },
                            "Add:": {
                                "Best_Rate_MB/s": 110278.5,
                                "Avg_time": 0.023128,
                                "Min_time": 0.021763,
                                "Max_time": 0.029363
                            },
                            "Triad:": {
                                "Best_Rate_MB/s": 109639.5,
                                "Avg_time": 0.024217,
                                "Min_time": 0.02189,
                                "Max_time": 0.029717
                            }
                        }
                    }
                },
                "metadata": {}
            }
        ],
        "run2": [
            {
                "node_id": "tcn207.local.snellius.surf.nl:0:0",
                "metrics": {
                    "execution_time": 0.9820285351015627,
                    "cpu_energy": {
                        "energy": {
                            "j": 264.843604,
                            "kwh": 7.356766777777779e-05
                        },
                        "power": {
                            "w": 269.73985768896347
                        },
                        "per_domain": [
                            {
                                "energy": {
                                    "j": 132.714969,
                                    "kwh": 3.6865269166666664e-05
                                },
                                "power": {
                                    "w": 135.16851572241555
                                }
                            },
                            {
                                "energy": {
                                    "j": 132.128635,
                                    "kwh": 3.6702398611111114e-05
                                },
                                "power": {
                                    "w": 134.57134196654792
                                }
                            }
                        ]
                    },