{
    "workload": "stream",
    "backend": "local",
    "results": {
        "run0": [
            {
                "node_id": "tcn1185.local.snellius.surf.nl:0:0",
                "metrics": {
                    "execution_time": 1.118310988880694,
                    "cpu_energy": {
                        "energy": {
                            "j": 342.253327,
                            "kwh": 9.507036861111111e-05
                        },
                        "power": {
                            "w": 306.0892317023579
                        },
                        "per_domain": [
                            {
                                "energy": {
                                    "j": 175.225237,
                                    "kwh": 4.867367694444444e-05
                                },
                                "power": {
                                    "w": 156.7101148097636
                                }
                            },
                            {
                                "energy": {
                                    "j": 167.02809,
                                    "kwh": 4.6396691666666664e-05
                                },
                                "power": {
                                    "w": 149.37911689259423
                                }
                            }
                        ]
                    },
                    "perf_energy": {
                        "joules": 960.64,
                        "kwh": 0.00026684444444444443,
                        "time": 3.82777019
                    }
                },
                "metadata": {
                    "hostname": "tcn1185.local.snellius.surf.nl",
                    "local_ip": "172.18.60.171",
                    "public_ip": "145.136.60.171"
                }
            },
            {
                "node_id": "local",
                "metrics": {
                    "stream": {
                        "Function": {
                            "Copy:": {
                                "Best_Rate_MB/s": 86341.4,
                                "Avg_time": 0.019876,
                                "Min_time": 0.018531,
                                "Max_time": 0.022614
                            },
                            "Scale:": {
                                "Best_Rate_MB/s": 81749.4,
                                "Avg_time": 0.020597,
                                "Min_time": 0.019572,
                                "Max_time": 0.022628
                            },
                            "Add:": {
                                "Best_Rate_MB/s": 118853.9,
                                "Avg_time": 0.02208,
                                "Min_time": 0.020193,
                                "Max_time": 0.023811
                            },
                            "Triad:": {
                                "Best_Rate_MB/s": 118911.4,
                                "Avg_time": 0.02156,
                                "Min_time": 0.020183,
                                "Max_time": 0.024818
                            }
                        }
                    }
                },
                "metadata": {}
            }
        ],
        "run1": [
            {
                "node_id": "tcn1185.local.snellius.surf.nl:0:0",
                "metrics": {
                    "execution_time": 0.3378107841126621,
                    "cpu_energy": {
                        "energy": {
                            "j": 109.894769,
                            "kwh": 3.052632472222222e-05
                        },
                        "power": {
                            "w": 325.4857606942378
                        },
                        "per_domain": [
                            {
                                "energy": {
                                    "j": 53.426452,
                                    "kwh": 1.4840681111111112e-05
                                },
                                "power": {
                                    "w": 158.23819030380037
                                }
                            },
                            {
                                "energy": {
                                    "j": 56.468317,
                                    "kwh": 1.5685643611111112e-05
                                },
                                "power": {
                                    "w": 167.2475703904374
                                }
                            }
                        ]
                    },
                    "perf_energy": {
                        "joules": 698.2,
                        "kwh": 0.00019394444444444445,
                        "time": 2.906039129
                    }
                },
                "metadata": {
                    "hostname": "tcn1185.local.snellius.surf.nl",
                    "local_ip": "172.18.60.171",
                    "public_ip": "145.136.60.171"
                }
            },
            {
                "node_id": "local",
                "metrics": {
                    "stream": {
                        "Function": {
                            "Copy:": {
                                "Best_Rate_MB/s": 604911.3,
                                "Avg_time": 0.003208,
                                "Min_time": 0.002645,
                                "Max_time": 0.007114
                            },
                            "Scale:": {
                                "Best_Rate_MB/s": 537472.9,
                                "Avg_time": 0.003088,
                                "Min_time": 0.002977,
                                "Max_time": 0.003347
                            },
                            "Add:": {
                                "Best_Rate_MB/s": 580258.8,
                                "Avg_time": 0.004295,
                                "Min_time": 0.004136,
                                "Max_time": 0.004667
                            },
                            "Triad:": {
                                "Best_Rate_MB/s": 552852.0,
                                "Avg_time": 0.004735,
                                "Min_time": 0.004341,
                                "Max_time": 0.006215
                            }
                        }
                    }
                },
                "metadata": {}
            }
        ],
        "run2": [
            {
                "node_id": "tcn1185.local.snellius.surf.nl:0:0",
                "metrics": {
                    "execution_time": 0.4507798550184816,
                    "cpu_energy": {
                        "energy": {
                            "j": 144.388834,
                            "kwh": 4.010800944444444e-05
                        },
                        "power": {
                            "w": 320.4308822322793
                        },
                        "per_domain": [
                            {
                                "energy": {
                                    "j": 70.092246,
                                    "kwh": 1.9470068333333334e-05
                                },
                                "power": {
                                    "w": 155.5502569085221
                                }
                            },
                            {
                                "energy": {
                                    "j": 74.296588,
                                    "kwh": 2.0637941111111112e-05
                                },
                                "power": {
                                    "w": 164.88062532375722
                                }
                            }
                        ]
                    },