{
    "workload": "stream",
    "backend": "local",
    "results": {
        "run0": [
            {
                "node_id": "tcn848.local.snellius.surf.nl:0:0",
                "metrics": {
                    "execution_time": 1.059255831874907,
                    "perf_energy": {
                        "joules": 887.8,
                        "kwh": 0.0002466111111111111,
                        "time": 3.630293238
                    }
                },
                "metadata": {
                    "hostname": "tcn848.local.snellius.surf.nl",
                    "local_ip": "172.18.59.90",
                    "public_ip": "145.136.59.90"
                }
            },
            {
                "node_id": "local",
                "metrics": {
                    "stream": {
                        "Function": {
                            "Copy:": {
                                "Best_Rate_MB/s": 88354.6,
                                "Avg_time": 0.019057,
                                "Min_time": 0.018109,
                                "Max_time": 0.021012
                            },
                            "Scale:": {
                                "Best_Rate_MB/s": 95767.2,
                                "Avg_time": 0.019128,
                                "Min_time": 0.016707,
                                "Max_time": 0.020829
                            },
                            "Add:": {
                                "Best_Rate_MB/s": 124909.5,
                                "Avg_time": 0.021681,
                                "Min_time": 0.019214,
                                "Max_time": 0.030914
                            },
                            "Triad:": {
                                "Best_Rate_MB/s": 170940.3,
                                "Avg_time": 0.01906,
                                "Min_time": 0.01404,
                                "Max_time": 0.02109
                            }
                        }
                    }
                },
                "metadata": {}
            }
        ],
        "run1": [
            {
                "node_id": "tcn848.local.snellius.surf.nl:0:0",
                "metrics": {
                    "execution_time": 1.0889023889321834,
                    "perf_energy": {
                        "joules": 895.29,
                        "kwh": 0.00024869166666666664,
                        "time": 3.665774122
                    }
                },
                "metadata": {
                    "hostname": "tcn848.local.snellius.surf.nl",
                    "local_ip": "172.18.59.90",
                    "public_ip": "145.136.59.90"
                }
            },
            {
                "node_id": "local",
                "metrics": {
                    "stream": {
                        "Function": {
                            "Copy:": {
                                "Best_Rate_MB/s": 87160.0,
                                "Avg_time": 0.019187,
                                "Min_time": 0.018357,
                                "Max_time": 0.021001
                            },
                            "Scale:": {
                                "Best_Rate_MB/s": 84206.1,
                                "Avg_time": 0.020398,
                                "Min_time": 0.019001,
                                "Max_time": 0.021734
                            },
                            "Add:": {
                                "Best_Rate_MB/s": 115462.1,
                                "Avg_time": 0.021897,
                                "Min_time": 0.020786,
                                "Max_time": 0.023184
                            },
                            "Triad:": {
                                "Best_Rate_MB/s": 128791.3,
                                "Avg_time": 0.020818,
                                "Min_time": 0.018635,
                                "Max_time": 0.022464
                            }
                        }
                    }
                },
                "metadata": {}
            }
        ],
        "run2": [
            {
                "node_id": "tcn848.local.snellius.surf.nl:0:0",
                "metrics": {
                    "execution_time": 0.6178724949713796,
                    "perf_energy": {
                        "joules": 753.81,
                        "kwh": 0.00020939166666666666,
                        "time": 3.180202557
                    }
                },
                "metadata": {
                    "hostname": "tcn848.local.snellius.surf.nl",
                    "local_ip": "172.18.59.90",
                    "public_ip": "145.136.59.90"
                }
            },
            {
                "node_id": "local",
                "metrics": {
                    "stream": {
                        "Function": {
                            "Copy:": {
                                "Best_Rate_MB/s": 455469.4,
                                "Avg_time": 0.006974,
                                "Min_time": 0.003513,
                                "Max_time": 0.019218
                            },
                            "Scale:": {
                                "Best_Rate_MB/s": 377992.9,
                                "Avg_time": 0.008021,
                                "Min_time": 0.004233,
                                "Max_time": 0.020769
                            },
                            "Add:": {
                                "Best_Rate_MB/s": 402959.4,
                                "Avg_time": 0.008886,
                                "Min_time": 0.005956,
                                "Max_time": 0.020925
                            },
                            "Triad:": {
                                "Best_Rate_MB/s": 394866.4,
                                "Avg_time": 0.008135,
                                "Min_time": 0.006078,
                                "Max_time": 0.022289
                            }
                        }
                    }
                },
                "metadata": {}
            }
        ],
        "run3": [
            {
                "node_id": "tcn848.local.snellius.surf.nl:0:0",
                "metrics": {
                    "execution_time": 0.7631291809957474,
                    "perf_energy": {
                        "joules": 799.09,
                        "kwh": 0.00022196944444444447,
                        "time": 3.327772032
                    }
                },
                "metadata": {
                    "hostname": "tcn848.local.snellius.surf.nl",
                    "local_ip": "172.18.59.90",
                    "public_ip": "145.136.59.90"
                }
            },
            {
                "node_id": "local",
                "metrics": {
                    "stream": {
                        "Function": {
                            "Copy:": {
                                "Best_Rate_MB/s": 314342.0,
                                "Avg_time": 0.009837,
                                "Min_time": 0.00509,
                                "Max_time": 0.019525
                            },
                            "Scale:": {
                                "Best_Rate_MB/s": 282837.5,
                                "Avg_time": 0.010791,
                                "Min_time": 0.005657,
                                "Max_time": 0.021576
                            },
                            "Add:": {
                                "Best_Rate_MB/s": 286398.4,
                                "Avg_time": 0.013343,
                                "Min_time": 0.00838,
                                "Max_time": 0.02343
                            },
                            "Triad:": {
                                "Best_Rate_MB/s": 286561.4,