{
    "workload": "nvidia-hpl",
    "backend": "mpi",
    "results": {
        "run0": [
            {
                "node_id": "gcn87.local.snellius.surf.nl:0:0",
                "metrics": {
                    "execution_time": 17.000270067015663,
                    "cpu_energy": {
                        "energy": {
                            "j": 3726.677455,
                            "kwh": 0.0010351881819444444
                        },
                        "power": {
                            "w": 219.21371319355967
                        },
                        "per_domain": [
                            {
                                "energy": {
                                    "j": 1837.766289,
                                    "kwh": 0.0005104906358333333
                                },
                                "power": {
                                    "w": 108.10261340248951
                                }
                            },
                            {
                                "energy": {
                                    "j": 1888.911166,
                                    "kwh": 0.0005246975461111112
                                },
                                "power": {
                                    "w": 111.11109979107017
                                }
                            }
                        ]
                    },
                    "gpu_nv": [
                        {
                            "gpu_id": 0,
                            "energy": {
                                "j": 5481.198828893148,
                                "kwh": 0.0015225552302480967
                            },
                            "power": {
                                "avg_w": 327.43045234697223
                            },
                            "util": {
                                "avg": 53.923529411764704,
                                "max": 100
                            },
                            "temp": {
                                "avg": 45.8235294117647,
                                "max": 68
                            },
                            "clock": {
                                "avg": 1723.5,
                                "max": 1980
                            }
                        },
                        {
                            "gpu_id": 1,
                            "energy": {
                                "j": 1127.243971225361,
                                "kwh": 0.00031312332534037807
                            },
                            "power": {
                                "avg_w": 67.35438212772799
                            },
                            "util": {
                                "avg": 0.0,
                                "max": 0
                            },
                            "temp": {
                                "avg": 33.0,
                                "max": 33
                            },
                            "clock": {
                                "avg": 345.0,
                                "max": 345
                            }
                        },
                        {
                            "gpu_id": 2,
                            "energy": {
                                "j": 1122.4222472890124,
                                "kwh": 0.00031178395758028123
                            },
                            "power": {
                                "avg_w": 67.07664404608731
                            },
                            "util": {
                                "avg": 0.0,
                                "max": 0
                            },
                            "temp": {
                                "avg": 32.0,
                                "max": 32
                            },
                            "clock": {
                                "avg": 345.0,
                                "max": 345
                            }
                        },
                        {
                            "gpu_id": 3,
                            "energy": {
                                "j": 1133.1235476918202,
                                "kwh": 0.0003147565410255056
                            },
                            "power": {
                                "avg_w": 67.72653450351653
                            },
                            "util": {
                                "avg": 0.0,
                                "max": 0
                            },
                            "temp": {
                                "avg": 33.0,
                                "max": 33
                            },
                            "clock": {
                                "avg": 345.0,
                                "max": 345
                            }
                        }
                    ],
                    "perf_energy": {
                        "joules": 4213.69,
                        "kwh": 0.0011704694444444443,
                        "time": 19.21992943
                    }
                },
                "metadata": {
                    "hostname": "gcn87.local.snellius.surf.nl",
                    "local_ip": "172.18.62.87",
                    "public_ip": "145.136.62.87"
                }
            },
            {
                "node_id": "local",
                "metrics": {
                    "nvidia_hpl": {
                        "T/V": "WC0",
                        "N": 49152,
                        "NB": 1024,
                        "P": 1,
                        "Q": 1,
                        "Time": 2.09,
                        "Gflops": 37930.0,
                        "per_GPU": 37930.0
                    }
                },
                "metadata": {}
            }
        ],
        "run1": [
            {
                "node_id": "gcn87.local.snellius.surf.nl:0:0",
                "metrics": {
                    "execution_time": 16.900262039154768,
                    "cpu_energy": {
                        "energy": {
                            "j": 3706.511749,
                            "kwh": 0.0010295865969444445
                        },
                        "power": {
                            "w": 219.31797870212768
                        },
                        "per_domain": [
                            {
                                "energy": {
                                    "j": 1829.04863,
                                    "kwh": 0.0005080690638888889
                                },
                                "power": {
                                    "w": 108.22662266960909
                                }
                            },
                            {
                                "energy": {
                                    "j": 1877.463119,
                                    "kwh": 0.0005215175330555555
                                },
                                "power": {
                                    "w": 111.09135603251859
                                }
                            }
                        ]
                    },
                    "gpu_nv": [
                        {
                            "gpu_id": 0,
                            "energy": {
                                "j": 5461.327028117273,
                                "kwh": 0.0015170352855881314
                            },
                            "power": {
                                "avg_w": 328.3814980208224
                            },
                            "util": {
                                "avg": 53.751479289940825,
                                "max": 100
                            },