{
    "workload": "nvidia-hpl",
    "backend": "mpi",
    "results": {
        "run0": [
            {
                "node_id": "gcn144.local.snellius.surf.nl:0:0",
                "metrics": {
                    "execution_time": 16.800198026932776,
                    "cpu_energy": {
                        "energy": {
                            "j": 3693.989387,
                            "kwh": 0.0010261081630555556
                        },
                        "power": {
                            "w": 219.87943619003434
                        },
                        "per_domain": [
                            {
                                "energy": {
                                    "j": 1821.768505,
                                    "kwh": 0.0005060468069444444
                                },
                                "power": {
                                    "w": 108.43816529572551
                                }
                            },
                            {
                                "energy": {
                                    "j": 1872.220882,
                                    "kwh": 0.0005200613561111111
                                },
                                "power": {
                                    "w": 111.44127089430883
                                }
                            }
                        ]
                    },
                    "gpu_nv": [
                        {
                            "gpu_id": 0,
                            "energy": {
                                "j": 5396.800725142425,
                                "kwh": 0.0014991113125395626
                            },
                            "power": {
                                "avg_w": 326.525247472547
                            },
                            "util": {
                                "avg": 54.42857142857143,
                                "max": 100
                            },
                            "temp": {
                                "avg": 44.035714285714285,
                                "max": 64
                            },
                            "clock": {
                                "avg": 1727.3214285714287,
                                "max": 1980
                            }
                        },
                        {
                            "gpu_id": 1,
                            "energy": {
                                "j": 1127.27945947324,
                                "kwh": 0.0003131331831870111
                            },
                            "power": {
                                "avg_w": 68.22033574893294
                            },
                            "util": {
                                "avg": 0.0,
                                "max": 0
                            },
                            "temp": {
                                "avg": 33.0,
                                "max": 33
                            },
                            "clock": {
                                "avg": 345.0,
                                "max": 345
                            }
                        },
                        {
                            "gpu_id": 2,
                            "energy": {
                                "j": 1126.9644567850073,
                                "kwh": 0.0003130456824402798
                            },
                            "power": {
                                "avg_w": 68.21187463335106
                            },
                            "util": {
                                "avg": 0.0,
                                "max": 0
                            },
                            "temp": {
                                "avg": 32.95238095238095,
                                "max": 33
                            },
                            "clock": {
                                "avg": 345.0,
                                "max": 345
                            }
                        },
                        {
                            "gpu_id": 3,
                            "energy": {
                                "j": 1105.6842814569638,
                                "kwh": 0.0003071345226269344
                            },
                            "power": {
                                "avg_w": 66.9342162762129
                            },
                            "util": {
                                "avg": 0.0,
                                "max": 0
                            },
                            "temp": {
                                "avg": 32.13095238095238,
                                "max": 33
                            },
                            "clock": {
                                "avg": 345.0,
                                "max": 345
                            }
                        }
                    ],
                    "perf_energy": {
                        "joules": 4194.86,
                        "kwh": 0.0011652388888888888,
                        "time": 19.073223992
                    }
                },
                "metadata": {
                    "hostname": "gcn144.local.snellius.surf.nl",
                    "local_ip": "172.18.62.144",
                    "public_ip": "145.136.62.144"
                }
            },
            {
                "node_id": "local",
                "metrics": {
                    "nvidia_hpl": {
                        "T/V": "WC0",
                        "N": 49152,
                        "NB": 1024,
                        "P": 1,
                        "Q": 1,
                        "Time": 2.08,
                        "Gflops": 38060.0,
                        "per_GPU": 38060.0
                    }
                },
                "metadata": {}
            }
        ],
        "run1": [
            {
                "node_id": "gcn144.local.snellius.surf.nl:0:0",
                "metrics": {
                    "execution_time": 16.80021767108701,
                    "cpu_energy": {
                        "energy": {
                            "j": 3693.017192,
                            "kwh": 0.0010258381088888888
                        },
                        "power": {
                            "w": 219.8213027871281
                        },
                        "per_domain": [
                            {
                                "energy": {
                                    "j": 1820.783875,
                                    "kwh": 0.0005057732986111112
                                },
                                "power": {
                                    "w": 108.3794260052
                                }
                            },
                            {
                                "energy": {
                                    "j": 1872.233317,
                                    "kwh": 0.0005200648102777778
                                },
                                "power": {
                                    "w": 111.44187678192813
                                }
                            }
                        ]
                    },
                    "gpu_nv": [
                        {
                            "gpu_id": 0,
                            "energy": {
                                "j": 5366.868683531287,
                                "kwh": 0.0014907968565364687
                            },
                            "power": {
                                "avg_w": 324.7141917006484
                            },
                            "util": {
                                "avg": 55.32142857142857,