{
    "workload": "vllm",
    "backend": "local",
    "results": {
        "run0": [
            {
                "node_id": "gcn84.local.snellius.surf.nl:0:0",
                "metrics": {
                    "execution_time": 64.0001637020614,
                    "cpu_energy": {
                        "energy": {
                            "j": 13983.512991,
                            "kwh": 0.0038843091641666667
                        },
                        "power": {
                            "w": 218.49225862415133
                        },
                        "per_domain": [
                            {
                                "energy": {
                                    "j": 6953.053068,
                                    "kwh": 0.00193140363
                                },
                                "power": {
                                    "w": 108.64138862234958
                                }
                            },
                            {
                                "energy": {
                                    "j": 7030.459923,
                                    "kwh": 0.0019529055341666666
                                },
                                "power": {
                                    "w": 109.85087000180177
                                }
                            }
                        ]
                    },
                    "gpu_nv": [
                        {
                            "gpu_id": 0,
                            "energy": {
                                "j": 18721.12202189918,
                                "kwh": 0.0052003116727497726
                            },
                            "power": {
                                "avg_w": 293.7703669329132
                            },
                            "util": {
                                "avg": 39.55625,
                                "max": 100
                            },
                            "temp": {
                                "avg": 43.2546875,
                                "max": 64
                            },
                            "clock": {
                                "avg": 1374.6328125,
                                "max": 1980
                            }
                        },
                        {
                            "gpu_id": 1,
                            "energy": {
                                "j": 4481.525533870099,
                                "kwh": 0.0012448682038528052
                            },
                            "power": {
                                "avg_w": 70.32747403789354
                            },
                            "util": {
                                "avg": 0.0,
                                "max": 0
                            },
                            "temp": {
                                "avg": 32.9890625,
                                "max": 33
                            },
                            "clock": {
                                "avg": 345.0,
                                "max": 345
                            }
                        },
                        {
                            "gpu_id": 2,
                            "energy": {
                                "j": 4316.249203303717,
                                "kwh": 0.0011989581120288102
                            },
                            "power": {
                                "avg_w": 67.73656411413317
                            },
                            "util": {
                                "avg": 0.0,
                                "max": 0
                            },
                            "temp": {
                                "avg": 33.0,
                                "max": 33
                            },
                            "clock": {
                                "avg": 345.0,
                                "max": 345
                            }
                        },
                        {
                            "gpu_id": 3,
                            "energy": {
                                "j": 4245.595425609387,
                                "kwh": 0.0011793320626692742
                            },
                            "power": {
                                "avg_w": 66.63050572996192
                            },
                            "util": {
                                "avg": 0.0,
                                "max": 0
                            },
                            "temp": {
                                "avg": 32.0,
                                "max": 32
                            },
                            "clock": {
                                "avg": 345.0,
                                "max": 345
                            }
                        }
                    ],
                    "perf_energy": {
                        "joules": 14490.43,
                        "kwh": 0.0040251194444444445,
                        "time": 66.300645314
                    }
                },
                "metadata": {
                    "hostname": "gcn84.local.snellius.surf.nl",
                    "local_ip": "172.18.62.84",
                    "public_ip": "145.136.62.84"
                }
            },
            {
                "node_id": "local",
                "metrics": {
                    "vllm": {
                        "throughput": {
                            "requests/s": 20.92,
                            "total_tokens/s": 24102.18,
                            "output_tokens/s": 2678.02
                        },
                        "total_num_prompt_tokens": 512000,
                        "total_num_output_tokens": 64000
                    }
                },
                "metadata": {}
            }
        ],
        "run1": [
            {
                "node_id": "gcn84.local.snellius.surf.nl:0:0",
                "metrics": {
                    "execution_time": 63.900184359867126,
                    "cpu_energy": {
                        "energy": {
                            "j": 13975.508966,
                            "kwh": 0.003882085823888889
                        },
                        "power": {
                            "w": 218.7087016988111
                        },
                        "per_domain": [
                            {
                                "energy": {
                                    "j": 6949.234952,
                                    "kwh": 0.0019303430422222222
                                },
                                "power": {
                                    "w": 108.7515422765262
                                }
                            },
                            {
                                "energy": {
                                    "j": 7026.274014,
                                    "kwh": 0.0019517427816666667
                                },
                                "power": {
                                    "w": 109.9571594222849
                                }
                            }
                        ]
                    },
                    "gpu_nv": [
                        {
                            "gpu_id": 0,
                            "energy": {
                                "j": 18766.676229315257,
                                "kwh": 0.005212965619254238
                            },
                            "power": {
                                "avg_w": 294.93670920416673
                            },
                            "util": {
                                "avg": 39.8716744913928,
                                "max": 100
                            },