{
    "workload": "vllm",
    "backend": "local",
    "results": {
        "run0": [
            {
                "node_id": "gcn86.local.snellius.surf.nl:0:0",
                "metrics": {
                    "execution_time": 678.7001718080137,
                    "cpu_energy": {
                        "energy": {
                            "j": 22868.316914,
                            "kwh": 0.006352310253888889
                        },
                        "power": {
                            "w": 33.69428897907836
                        },
                        "per_domain": [
                            {
                                "energy": {
                                    "j": 10715.990778,
                                    "kwh": 0.002976664105
                                },
                                "power": {
                                    "w": 15.788992750490737
                                }
                            },
                            {
                                "energy": {
                                    "j": 12152.326136,
                                    "kwh": 0.003375646148888889
                                },
                                "power": {
                                    "w": 17.90529622858762
                                }
                            }
                        ]
                    },
                    "gpu_nv": [
                        {
                            "gpu_id": 0,
                            "energy": {
                                "j": 88335.84127257776,
                                "kwh": 0.024537733686827157
                            },
                            "power": {
                                "avg_w": 130.2063959782869
                            },
                            "util": {
                                "avg": 1.7392073080889936,
                                "max": 100
                            },
                            "temp": {
                                "avg": 36.306173567113596,
                                "max": 62
                            },
                            "clock": {
                                "avg": 1889.12037719169,
                                "max": 1980
                            }
                        },
                        {
                            "gpu_id": 1,
                            "energy": {
                                "j": 91814.9432405257,
                                "kwh": 0.025504150900146027
                            },
                            "power": {
                                "avg_w": 135.33524695667646
                            },
                            "util": {
                                "avg": 1.527331663474289,
                                "max": 100
                            },
                            "temp": {
                                "avg": 36.948430823633416,
                                "max": 61
                            },
                            "clock": {
                                "avg": 1894.35170178282,
                                "max": 1980
                            }
                        },
                        {
                            "gpu_id": 2,
                            "energy": {
                                "j": 92667.4598377886,
                                "kwh": 0.02574096106605239
                            },
                            "power": {
                                "avg_w": 136.59244267817846
                            },
                            "util": {
                                "avg": 1.7716222189479889,
                                "max": 100
                            },
                            "temp": {
                                "avg": 36.59908648887579,
                                "max": 61
                            },
                            "clock": {
                                "avg": 1893.6378370414027,
                                "max": 1980
                            }
                        },
                        {
                            "gpu_id": 3,
                            "energy": {
                                "j": 87472.71662403841,
                                "kwh": 0.02429797684001067
                            },
                            "power": {
                                "avg_w": 128.93584538767539
                            },
                            "util": {
                                "avg": 1.6891115367614558,
                                "max": 100
                            },
                            "temp": {
                                "avg": 37.218505967290405,
                                "max": 62
                            },
                            "clock": {
                                "avg": 1896.6391631059378,
                                "max": 1980
                            }
                        }
                    ],
                    "perf_energy": {
                        "joules": 154460.08,
                        "kwh": 0.04290557777777777,
                        "time": 681.019580608
                    }
                },
                "metadata": {
                    "hostname": "gcn86.local.snellius.surf.nl",
                    "local_ip": "172.18.62.86",
                    "public_ip": "145.136.62.86"
                }
            },
            {
                "node_id": "local",
                "metrics": {
                    "vllm": {
                        "throughput": {
                            "requests/s": 51.71,
                            "total_tokens/s": 59574.16,
                            "output_tokens/s": 6619.35
                        },
                        "total_num_prompt_tokens": 512000,
                        "total_num_output_tokens": 64000
                    }
                },
                "metadata": {}
            }
        ],
        "run1": [
            {
                "node_id": "gcn86.local.snellius.surf.nl:0:0",
                "metrics": {
                    "execution_time": 675.0002375468612,
                    "cpu_energy": {
                        "energy": {
                            "j": 20580.54222,
                            "kwh": 0.005716817283333333
                        },
                        "power": {
                            "w": 30.489684941693422
                        },
                        "per_domain": [
                            {
                                "energy": {
                                    "j": 9767.837587,
                                    "kwh": 0.0027132882186111113
                                },
                                "power": {
                                    "w": 14.470867064903839
                                }
                            },
                            {
                                "energy": {
                                    "j": 10812.704633,
                                    "kwh": 0.0030035290647222224
                                },
                                "power": {
                                    "w": 16.018817876789583
                                }
                            }
                        ]
                    },
                    "gpu_nv": [
                        {
                            "gpu_id": 0,
                            "energy": {
                                "j": 88095.22811628094,
                                "kwh": 0.02447089669896693
                            },
                            "power": {
                                "avg_w": 130.56500359554613
                            },