{
    "workload": "vllm",
    "backend": "local",
    "results": {
        "run0": [
            {
                "node_id": "gcn87.local.snellius.surf.nl:0:0",
                "metrics": {
                    "execution_time": 377.6001928090118,
                    "cpu_energy": {
                        "energy": {
                            "j": 83811.721933,
                            "kwh": 0.023281033870277777
                        },
                        "power": {
                            "w": 221.9589367618675
                        },
                        "per_domain": [
                            {
                                "energy": {
                                    "j": 41952.03391,
                                    "kwh": 0.011653342752777778
                                },
                                "power": {
                                    "w": 111.10174838198921
                                }
                            },
                            {
                                "energy": {
                                    "j": 41859.688023,
                                    "kwh": 0.0116276911175
                                },
                                "power": {
                                    "w": 110.85718837987832
                                }
                            }
                        ]
                    },
                    "gpu_nv": [
                        {
                            "gpu_id": 0,
                            "energy": {
                                "j": 51240.549754193235,
                                "kwh": 0.014233486042831454
                            },
                            "power": {
                                "avg_w": 135.79675706257657
                            },
                            "util": {
                                "avg": 4.655720338983051,
                                "max": 100
                            },
                            "temp": {
                                "avg": 35.902542372881356,
                                "max": 62
                            },
                            "clock": {
                                "avg": 1836.8405720338983,
                                "max": 1980
                            }
                        },
                        {
                            "gpu_id": 1,
                            "energy": {
                                "j": 51041.879986880966,
                                "kwh": 0.014178299996355824
                            },
                            "power": {
                                "avg_w": 135.27136949551414
                            },
                            "util": {
                                "avg": 4.632944915254237,
                                "max": 100
                            },
                            "temp": {
                                "avg": 35.765625,
                                "max": 60
                            },
                            "clock": {
                                "avg": 1843.1408898305085,
                                "max": 1980
                            }
                        },
                        {
                            "gpu_id": 2,
                            "energy": {
                                "j": 25014.512641950536,
                                "kwh": 0.006948475733875149
                            },
                            "power": {
                                "avg_w": 66.29400126911196
                            },
                            "util": {
                                "avg": 0.0,
                                "max": 0
                            },
                            "temp": {
                                "avg": 31.761917372881356,
                                "max": 32
                            },
                            "clock": {
                                "avg": 345.0,
                                "max": 345
                            }
                        },
                        {
                            "gpu_id": 3,
                            "energy": {
                                "j": 25490.904915926243,
                                "kwh": 0.007080806921090623
                            },
                            "power": {
                                "avg_w": 67.55701765388629
                            },
                            "util": {
                                "avg": 0.0,
                                "max": 0
                            },
                            "temp": {
                                "avg": 32.0,
                                "max": 32
                            },
                            "clock": {
                                "avg": 345.0,
                                "max": 345
                            }
                        }
                    ],
                    "perf_energy": {
                        "joules": 84334.73,
                        "kwh": 0.023426313888888887,
                        "time": 379.919847796
                    }
                },
                "metadata": {
                    "hostname": "gcn87.local.snellius.surf.nl",
                    "local_ip": "172.18.62.87",
                    "public_ip": "145.136.62.87"
                }
            },
            {
                "node_id": "local",
                "metrics": {
                    "vllm": {
                        "throughput": {
                            "requests/s": 31.31,
                            "total_tokens/s": 36066.36,
                            "output_tokens/s": 4007.37
                        },
                        "total_num_prompt_tokens": 512000,
                        "total_num_output_tokens": 64000
                    }
                },
                "metadata": {}
            }
        ],
        "run1": [
            {
                "node_id": "gcn87.local.snellius.surf.nl:0:0",
                "metrics": {
                    "execution_time": 376.1001901710406,
                    "cpu_energy": {
                        "energy": {
                            "j": 83548.4671,
                            "kwh": 0.023207907527777776
                        },
                        "power": {
                            "w": 222.14421590091231
                        },
                        "per_domain": [
                            {
                                "energy": {
                                    "j": 41851.139973,
                                    "kwh": 0.011625316659166666
                                },
                                "power": {
                                    "w": 111.27659185815767
                                }
                            },
                            {
                                "energy": {
                                    "j": 41697.327127,
                                    "kwh": 0.01158259086861111
                                },
                                "power": {
                                    "w": 110.86762404275466
                                }
                            }
                        ]
                    },
                    "gpu_nv": [
                        {
                            "gpu_id": 0,
                            "energy": {
                                "j": 51062.08618719,
                                "kwh": 0.014183912829774999
                            },
                            "power": {
                                "avg_w": 135.866603816846
                            },
                            "util": {
                                "avg": 4.68651954267482,