{
    "workload": "vllm",
    "backend": "local",
    "results": {
        "run0": [
            {
                "node_id": "gcn87.local.snellius.surf.nl:0:0",
                "metrics": {
                    "execution_time": 290.5001872640569,
                    "cpu_energy": {
                        "energy": {
                            "j": 64664.976352,
                            "kwh": 0.01796249343111111
                        },
                        "power": {
                            "w": 222.5987925366646
                        },
                        "per_domain": [
                            {
                                "energy": {
                                    "j": 32393.499433,
                                    "kwh": 0.008998194286944445
                                },
                                "power": {
                                    "w": 111.50941771897688
                                }
                            },
                            {
                                "energy": {
                                    "j": 32271.476919,
                                    "kwh": 0.008964299144166667
                                },
                                "power": {
                                    "w": 111.08937481768774
                                }
                            }
                        ]
                    },
                    "gpu_nv": [
                        {
                            "gpu_id": 0,
                            "energy": {
                                "j": 40638.01929958632,
                                "kwh": 0.011288338694329533
                            },
                            "power": {
                                "avg_w": 140.0198470719301
                            },
                            "util": {
                                "avg": 6.125301204819277,
                                "max": 100
                            },
                            "temp": {
                                "avg": 36.260585197934596,
                                "max": 62
                            },
                            "clock": {
                                "avg": 1789.8846815834768,
                                "max": 1980
                            }
                        },
                        {
                            "gpu_id": 1,
                            "energy": {
                                "j": 40653.81715399059,
                                "kwh": 0.011292726987219608
                            },
                            "power": {
                                "avg_w": 140.07590285345668
                            },
                            "util": {
                                "avg": 5.913941480206541,
                                "max": 100
                            },
                            "temp": {
                                "avg": 36.003442340791736,
                                "max": 60
                            },
                            "clock": {
                                "avg": 1804.3993115318417,
                                "max": 1980
                            }
                        },
                        {
                            "gpu_id": 2,
                            "energy": {
                                "j": 19260.009064229922,
                                "kwh": 0.005350002517841645
                            },
                            "power": {
                                "avg_w": 66.3625354487387
                            },
                            "util": {
                                "avg": 0.0,
                                "max": 0
                            },
                            "temp": {
                                "avg": 31.711187607573148,
                                "max": 32
                            },
                            "clock": {
                                "avg": 345.0,
                                "max": 345
                            }
                        },
                        {
                            "gpu_id": 3,
                            "energy": {
                                "j": 19505.602844376048,
                                "kwh": 0.00541822301232668
                            },
                            "power": {
                                "avg_w": 67.20934848954523
                            },
                            "util": {
                                "avg": 0.0,
                                "max": 0
                            },
                            "temp": {
                                "avg": 32.0,
                                "max": 32
                            },
                            "clock": {
                                "avg": 345.0,
                                "max": 345
                            }
                        }
                    ],
                    "perf_energy": {
                        "joules": 65181.29,
                        "kwh": 0.01810591388888889,
                        "time": 292.815916991
                    }
                },
                "metadata": {
                    "hostname": "gcn87.local.snellius.surf.nl",
                    "local_ip": "172.18.62.87",
                    "public_ip": "145.136.62.87"
                }
            },
            {
                "node_id": "local",
                "metrics": {
                    "vllm": {
                        "throughput": {
                            "requests/s": 31.33,
                            "total_tokens/s": 36093.03,
                            "output_tokens/s": 4010.34
                        },
                        "total_num_prompt_tokens": 512000,
                        "total_num_output_tokens": 64000
                    }
                },
                "metadata": {}
            }
        ],
        "run1": [
            {
                "node_id": "gcn87.local.snellius.surf.nl:0:0",
                "metrics": {
                    "execution_time": 235.80018711998127,
                    "cpu_energy": {
                        "energy": {
                            "j": 52840.011658,
                            "kwh": 0.014677781016111112
                        },
                        "power": {
                            "w": 224.08815799811865
                        },
                        "per_domain": [
                            {
                                "energy": {
                                    "j": 26574.272509,
                                    "kwh": 0.007381742363611111
                                },
                                "power": {
                                    "w": 112.69830550425827
                                }
                            },
                            {
                                "energy": {
                                    "j": 26265.739149,
                                    "kwh": 0.0072960386525
                                },
                                "power": {
                                    "w": 111.38985249386037
                                }
                            }
                        ]
                    },
                    "gpu_nv": [
                        {
                            "gpu_id": 0,
                            "energy": {
                                "j": 34145.01435113254,
                                "kwh": 0.009484726208647928
                            },
                            "power": {
                                "avg_w": 144.97454406384412
                            },
                            "util": {
                                "avg": 7.374893977947413,