{
    "workload": "vllm",
    "backend": "local",
    "results": {
        "run0": [
            {
                "node_id": "gcn142.local.snellius.surf.nl:0:0",
                "metrics": {
                    "execution_time": 676.6002197889975,
                    "cpu_energy": {
                        "energy": {
                            "j": 21926.398813,
                            "kwh": 0.006090666336944444
                        },
                        "power": {
                            "w": 32.40673002840208
                        },
                        "per_domain": [
                            {
                                "energy": {
                                    "j": 10779.926833,
                                    "kwh": 0.0029944241202777776
                                },
                                "power": {
                                    "w": 15.932492224661901
                                }
                            },
                            {
                                "energy": {
                                    "j": 11146.47198,
                                    "kwh": 0.0030962422166666667
                                },
                                "power": {
                                    "w": 16.47423780374018
                                }
                            }
                        ]
                    },
                    "gpu_nv": [
                        {
                            "gpu_id": 0,
                            "energy": {
                                "j": 83577.03164388266,
                                "kwh": 0.023215842123300738
                            },
                            "power": {
                                "avg_w": 123.57443589593167
                            },
                            "util": {
                                "avg": 1.6730712385456694,
                                "max": 100
                            },
                            "temp": {
                                "avg": 36.193319538870824,
                                "max": 58
                            },
                            "clock": {
                                "avg": 1895.4736919893585,
                                "max": 1980
                            }
                        },
                        {
                            "gpu_id": 1,
                            "energy": {
                                "j": 85675.10199001103,
                                "kwh": 0.02379863944166973
                            },
                            "power": {
                                "avg_w": 126.67722088988711
                            },
                            "util": {
                                "avg": 1.5903044634939403,
                                "max": 100
                            },
                            "temp": {
                                "avg": 35.194649719184156,
                                "max": 58
                            },
                            "clock": {
                                "avg": 1896.3604788649127,
                                "max": 1980
                            }
                        },
                        {
                            "gpu_id": 2,
                            "energy": {
                                "j": 82349.20793705281,
                                "kwh": 0.022874779982514668
                            },
                            "power": {
                                "avg_w": 121.76009784735501
                            },
                            "util": {
                                "avg": 1.7014484185634053,
                                "max": 100
                            },
                            "temp": {
                                "avg": 35.21637599763523,
                                "max": 59
                            },
                            "clock": {
                                "avg": 1898.23603310671,
                                "max": 1980
                            }
                        },
                        {
                            "gpu_id": 3,
                            "energy": {
                                "j": 85642.26714515622,
                                "kwh": 0.023789518651432282
                            },
                            "power": {
                                "avg_w": 126.62963827889534
                            },
                            "util": {
                                "avg": 1.6240023647650015,
                                "max": 100
                            },
                            "temp": {
                                "avg": 36.19036358261898,
                                "max": 58
                            },
                            "clock": {
                                "avg": 1896.8482116464677,
                                "max": 1980
                            }
                        }
                    ],
                    "perf_energy": {
                        "joules": 153531.42,
                        "kwh": 0.04264761666666667,
                        "time": 678.971070981
                    }
                },
                "metadata": {
                    "hostname": "gcn142.local.snellius.surf.nl",
                    "local_ip": "172.18.62.142",
                    "public_ip": "145.136.62.142"
                }
            },
            {
                "node_id": "local",
                "metrics": {
                    "vllm": {
                        "throughput": {
                            "requests/s": 52.1,
                            "total_tokens/s": 60019.68,
                            "output_tokens/s": 6668.85
                        },
                        "total_num_prompt_tokens": 512000,
                        "total_num_output_tokens": 64000
                    }
                },
                "metadata": {}
            }
        ],
        "run1": [
            {
                "node_id": "gcn142.local.snellius.surf.nl:0:0",
                "metrics": {
                    "execution_time": 675.6001768850037,
                    "cpu_energy": {
                        "energy": {
                            "j": 22194.563718,
                            "kwh": 0.006165156588333334
                        },
                        "power": {
                            "w": 32.85163130464773
                        },
                        "per_domain": [
                            {
                                "energy": {
                                    "j": 10707.358184,
                                    "kwh": 0.0029742661622222223
                                },
                                "power": {
                                    "w": 15.848664014165529
                                }
                            },
                            {
                                "energy": {
                                    "j": 11487.205534,
                                    "kwh": 0.0031908904261111113
                                },
                                "power": {
                                    "w": 17.002967290482204
                                }
                            }
                        ]
                    },
                    "gpu_nv": [
                        {
                            "gpu_id": 0,
                            "energy": {
                                "j": 83886.48504016107,
                                "kwh": 0.023301801400044744
                            },
                            "power": {
                                "avg_w": 124.2159618561294
                            },