{
    "workload": "stream",
    "backend": "local",
    "results": {
        "run0": [
            {
                "node_id": "tcn568.local.snellius.surf.nl:0:0",
                "metrics": {
                    "execution_time": 0.48028755583800375,
                    "cpu_energy": {
                        "energy": {
                            "j": 146.225837,
                            "kwh": 4.061828805555556e-05
                        },
                        "power": {
                            "w": 304.5516182356814
                        },
                        "per_domain": [
                            {
                                "energy": {
                                    "j": 71.544976,
                                    "kwh": 1.9873604444444445e-05
                                },
                                "power": {
                                    "w": 149.01017948991455
                                }
                            },
                            {
                                "energy": {
                                    "j": 74.680861,
                                    "kwh": 2.0744683611111112e-05
                                },
                                "power": {
                                    "w": 155.54143874576684
                                }
                            }
                        ]
                    },
                    "perf_energy": {
                        "joules": 735.72,
                        "kwh": 0.00020436666666666668,
                        "time": 3.204167038
                    }
                },
                "metadata": {
                    "hostname": "tcn568.local.snellius.surf.nl",
                    "local_ip": "172.18.58.66",
                    "public_ip": "145.136.58.66"
                }
            },
            {
                "node_id": "local",
                "metrics": {
                    "stream": {
                        "Function": {
                            "Copy:": {
                                "Best_Rate_MB/s": 619657.1,
                                "Avg_time": 0.004884,
                                "Min_time": 0.002582,
                                "Max_time": 0.01855
                            },
                            "Scale:": {
                                "Best_Rate_MB/s": 539243.6,
                                "Avg_time": 0.004849,
                                "Min_time": 0.002967,
                                "Max_time": 0.019807
                            },
                            "Add:": {
                                "Best_Rate_MB/s": 590123.7,
                                "Avg_time": 0.004182,
                                "Min_time": 0.004067,
                                "Max_time": 0.004632
                            },
                            "Triad:": {
                                "Best_Rate_MB/s": 571983.0,
                                "Avg_time": 0.004287,
                                "Min_time": 0.004196,
                                "Max_time": 0.004409
                            }
                        }
                    }
                },
                "metadata": {}
            }
        ],
        "run1": [
            {
                "node_id": "tcn568.local.snellius.surf.nl:0:0",
                "metrics": {
                    "execution_time": 0.3368219370022416,
                    "cpu_energy": {
                        "energy": {
                            "j": 104.739822,
                            "kwh": 2.9094395e-05
                        },
                        "power": {
                            "w": 311.1149466972786
                        },
                        "per_domain": [
                            {
                                "energy": {
                                    "j": 51.267856,
                                    "kwh": 1.4241071111111111e-05
                                },
                                "power": {
                                    "w": 152.2839735847914
                                }
                            },
                            {
                                "energy": {
                                    "j": 53.471966,
                                    "kwh": 1.4853323888888889e-05
                                },
                                "power": {
                                    "w": 158.83097311248716
                                }
                            }
                        ]
                    },
                    "perf_energy": {
                        "joules": 670.63,
                        "kwh": 0.00018628611111111111,
                        "time": 2.942722193
                    }
                },
                "metadata": {
                    "hostname": "tcn568.local.snellius.surf.nl",
                    "local_ip": "172.18.58.66",
                    "public_ip": "145.136.58.66"
                }
            },
            {
                "node_id": "local",
                "metrics": {
                    "stream": {
                        "Function": {
                            "Copy:": {
                                "Best_Rate_MB/s": 614437.5,
                                "Avg_time": 0.00272,
                                "Min_time": 0.002604,
                                "Max_time": 0.002874
                            },
                            "Scale:": {
                                "Best_Rate_MB/s": 541462.5,
                                "Avg_time": 0.003051,
                                "Min_time": 0.002955,
                                "Max_time": 0.003239
                            },
                            "Add:": {
                                "Best_Rate_MB/s": 584809.7,
                                "Avg_time": 0.004218,
                                "Min_time": 0.004104,
                                "Max_time": 0.00438
                            },
                            "Triad:": {
                                "Best_Rate_MB/s": 555813.0,
                                "Avg_time": 0.004506,
                                "Min_time": 0.004318,
                                "Max_time": 0.004726
                            }
                        }
                    }
                },
                "metadata": {}
            }
        ],
        "run2": [
            {
                "node_id": "tcn568.local.snellius.surf.nl:0:0",
                "metrics": {
                    "execution_time": 0.4507488301023841,
                    "cpu_energy": {
                        "energy": {
                            "j": 138.121504,
                            "kwh": 3.836708444444444e-05
                        },
                        "power": {
                            "w": 306.52793969077914
                        },
                        "per_domain": [
                            {
                                "energy": {
                                    "j": 67.565811,
                                    "kwh": 1.8768280833333334e-05
                                },
                                "power": {
                                    "w": 149.94630263631203
                                }
                            },
                            {
                                "energy": {
                                    "j": 70.555693,
                                    "kwh": 1.959880361111111e-05
                                },
                                "power": {
                                    "w": 156.58163705446714
                                }
                            }
                        ]
                    },